,Input_0,Input_1,Adenosine_0,Cortex_0,Cortex_1,Cortex_2,Cortex_3,Cortex_4,Cortex_5,Cortex_6,Cortex_7,Cortex_8,Cortex_9,D1_0,D1_1,D1_2,D1_3,D1_4,D1_5,D2_0,D2_1,D2_2,D2_3,D2_4,D2_5,SNc_0,SNc_1,SNc_2,SNc_3,GPe_0,GPe_1,GPe_2,GPe_3,GPe_4,GPe_5,STN_0,STN_1,STN_2,STN_3,STN_4,STN_5,SNr_0,SNr_1,SNr_2,SNr_3,SNr_4,SNr_5,SC_0,SC_1,SC_2,SC_3,SC_4,SC_5,Thalamus_0,Thalamus_1,Thalamus_2,Thalamus_3,Thalamus_4,Thalamus_5,Thalamus_6,Thalamus_7,Thalamus_8,Thalamus_9,Medulla_0,Medulla_1,Medulla_2,Medulla_3,Output_0
Input_0,0.000000,0.000000,0.000000,0.000000,0.000000,0.000000,0.000000,0.000000,0.000000,0.000000,0.000000,0.000000,0.000000,0.000000,0.000000,0.000000,0.000000,0.000000,0.000000,0.000000,0.000000,0.000000,0.000000,0.000000,0.000000,0.000000,0.000000,0.000000,0.000000,0.000000,0.000000,0.000000,0.000000,0.000000,0.000000,0.000000,0.000000,0.000000,0.000000,0.000000,0.000000,0.000000,0.000000,0.000000,0.000000,0.000000,0.000000,0.000000,0.000000,0.000000,0.000000,0.000000,0.000000,0.000000,0.000000,0.000000,0.000000,0.000000,0.000000,0.000000,0.000000,0.000000,0.000000,0.000000,0.000000,0.000000,0.000000,0.000000
Input_1,0.000000,0.000000,0.000000,0.000000,0.000000,0.000000,0.000000,0.000000,0.000000,0.000000,0.000000,0.000000,0.000000,0.000000,0.000000,0.000000,0.000000,0.000000,0.000000,0.000000,0.000000,0.000000,0.000000,0.000000,0.000000,0.000000,0.000000,0.000000,0.000000,0.000000,0.000000,0.000000,0.000000,0.000000,0.000000,0.000000,0.000000,0.000000,0.000000,0.000000,0.000000,0.000000,0.000000,0.000000,0.000000,0.000000,0.000000,0.000000,0.000000,0.000000,0.000000,0.000000,0.000000,0.000000,0.000000,0.000000,0.000000,0.000000,0.000000,0.000000,0.000000,0.000000,0.000000,0.000000,0.000000,0.000000,0.000000,0.000000
Adenosine_0,0.000000,0.000000,0.000000,0.000000,0.000000,0.000000,0.000000,0.000000,0.000000,0.000000,0.000000,0.000000,0.000000,0.000000,0.000000,0.000000,0.000000,0.000000,0.000000,0.000000,0.000000,0.000000,0.000000,0.000000,0.000000,0.000000,0.000000,0.000000,0.000000,0.000000,0.000000,0.000000,0.000000,0.000000,0.000000,0.000000,0.000000,0.000000,0.000000,0.000000,0.000000,0.000000,0.000000,0.000000,0.000000,0.000000,0.000000,0.000000,0.000000,0.000000,0.000000,0.000000,0.000000,0.000000,0.000000,0.000000,0.000000,0.000000,0.000000,0.000000,0.000000,0.000000,0.000000,0.000000,0.000000,0.000000,0.000000,0.000000
Cortex_0,1.379889,1.243139,0.000000,0.841591,0.622090,-0.158235,-0.520576,0.036670,0.130185,0.008736,-0.388412,0.194877,0.194071,0.000000,0.000000,0.000000,0.000000,0.000000,0.000000,0.000000,0.000000,0.000000,0.000000,0.000000,0.000000,0.000000,0.000000,0.000000,0.000000,0.000000,0.000000,0.000000,0.000000,0.000000,0.000000,0.000000,0.000000,0.000000,0.000000,0.000000,0.000000,0.000000,0.000000,0.000000,0.000000,0.000000,0.000000,0.000000,0.000000,0.000000,0.000000,0.000000,0.000000,0.000000,0.108206,0.000000,0.000000,0.000000,0.000000,0.235529,0.552353,0.257287,0.000000,0.000000,0.000000,0.000000,0.000000,0.000000
Cortex_1,1.202822,1.834631,0.000000,-0.262985,0.678484,-0.357686,-0.230451,0.219425,0.547598,-0.387095,-0.503453,0.551768,-0.005242,0.000000,0.000000,0.000000,0.000000,0.000000,0.000000,0.000000,0.000000,0.000000,0.000000,0.000000,0.000000,0.000000,0.000000,0.000000,0.000000,0.000000,0.000000,0.000000,0.000000,0.000000,0.000000,0.000000,0.000000,0.000000,0.000000,0.000000,0.000000,0.000000,0.000000,0.000000,0.000000,0.000000,0.000000,0.000000,0.000000,0.000000,0.000000,0.000000,0.000000,0.000000,0.000000,0.512190,0.000000,0.000000,0.538174,0.000000,0.000000,0.000000,0.000000,0.000000,0.000000,0.000000,0.000000,0.000000
Cortex_2,-0.825401,4.640524,0.000000,-0.204514,-0.057083,-0.061902,0.077768,0.178740,0.755235,0.119998,1.022187,0.508333,-0.641530,0.000000,0.000000,0.000000,0.000000,0.000000,0.000000,0.000000,0.000000,0.000000,0.000000,0.000000,0.000000,0.000000,0.000000,0.000000,0.000000,0.000000,0.000000,0.000000,0.000000,0.000000,0.000000,0.000000,0.000000,0.000000,0.000000,0.000000,0.000000,0.000000,0.000000,0.000000,0.000000,0.000000,0.000000,0.000000,0.000000,0.000000,0.000000,0.000000,0.000000,0.000000,0.000000,0.000000,0.193285,0.000000,0.000000,0.000000,0.000000,0.000000,0.000000,0.000000,0.000000,0.000000,0.000000,0.000000
Cortex_3,0.925157,-3.053989,0.000000,-0.404943,-0.188582,-0.297679,-0.085256,0.724685,0.430360,0.167246,0.069357,0.198995,-0.871432,0.000000,0.000000,0.000000,0.000000,0.000000,0.000000,0.000000,0.000000,0.000000,0.000000,0.000000,0.000000,0.000000,0.000000,0.000000,0.000000,0.000000,0.000000,0.000000,0.000000,0.000000,0.000000,0.000000,0.000000,0.000000,0.000000,0.000000,0.000000,0.000000,0.000000,0.000000,0.000000,0.000000,0.000000,0.000000,0.000000,0.000000,0.000000,0.000000,0.000000,0.000000,0.214102,0.000000,0.000000,0.000000,0.000000,0.255652,0.229595,0.000000,0.000000,0.000000,0.000000,0.000000,0.000000,0.000000
Cortex_4,-2.127299,0.687158,0.000000,-0.055626,-0.326204,0.946029,0.284758,0.551726,0.504253,0.989326,0.064665,-0.124691,0.142331,0.000000,0.000000,0.000000,0.000000,0.000000,0.000000,0.000000,0.000000,0.000000,0.000000,0.000000,0.000000,0.000000,0.000000,0.000000,0.000000,0.000000,0.000000,0.000000,0.000000,0.000000,0.000000,0.000000,0.000000,0.000000,0.000000,0.000000,0.000000,0.000000,0.000000,0.000000,0.000000,0.000000,0.000000,0.000000,0.000000,0.000000,0.000000,0.000000,0.000000,0.000000,0.000000,0.000000,0.669786,0.000000,0.000000,0.000000,0.000000,0.000000,0.237524,0.000000,0.000000,0.000000,0.000000,0.000000
Cortex_5,0.727322,2.838129,0.000000,-0.077853,0.001028,-0.175773,0.390370,-0.041189,0.290085,-0.244633,-0.020013,0.668430,0.349282,0.000000,0.000000,0.000000,0.000000,0.000000,0.000000,0.000000,0.000000,0.000000,0.000000,0.000000,0.000000,0.000000,0.000000,0.000000,0.000000,0.000000,0.000000,0.000000,0.000000,0.000000,0.000000,0.000000,0.000000,0.000000,0.000000,0.000000,0.000000,0.000000,0.000000,0.000000,0.000000,0.000000,0.000000,0.000000,0.000000,0.000000,0.000000,0.000000,0.000000,0.000000,0.578927,0.000000,0.000000,0.000000,0.000000,0.000000,0.000000,0.000000,0.000000,0.000000,0.000000,0.000000,0.000000,0.000000
Cortex_6,0.320619,2.733442,0.000000,-0.644859,-0.006128,0.308631,0.059107,0.127693,-0.555123,0.458431,0.341040,0.029313,0.850516,0.000000,0.000000,0.000000,0.000000,0.000000,0.000000,0.000000,0.000000,0.000000,0.000000,0.000000,0.000000,0.000000,0.000000,0.000000,0.000000,0.000000,0.000000,0.000000,0.000000,0.000000,0.000000,0.000000,0.000000,0.000000,0.000000,0.000000,0.000000,0.000000,0.000000,0.000000,0.000000,0.000000,0.000000,0.000000,0.000000,0.000000,0.000000,0.000000,0.000000,0.532519,0.000000,0.000000,0.000000,0.000000,0.337908,0.000000,0.000000,0.000000,0.080293,0.000000,0.000000,0.000000,0.000000,0.000000
Cortex_7,-1.002062,-1.175383,0.000000,-0.034009,0.112644,-0.064127,-0.001440,0.734398,-0.690381,0.572409,-0.459627,-0.588645,0.617378,0.000000,0.000000,0.000000,0.000000,0.000000,0.000000,0.000000,0.000000,0.000000,0.000000,0.000000,0.000000,0.000000,0.000000,0.000000,0.000000,0.000000,0.000000,0.000000,0.000000,0.000000,0.000000,0.000000,0.000000,0.000000,0.000000,0.000000,0.000000,0.000000,0.000000,0.000000,0.000000,0.000000,0.000000,0.000000,0.000000,0.000000,0.000000,0.000000,0.000000,0.000000,0.000000,0.125082,0.000000,0.934496,0.000000,0.909103,0.202091,0.203567,0.000000,0.000000,0.000000,0.000000,0.000000,0.000000
Cortex_8,-0.038951,3.018242,0.000000,0.061399,0.198407,0.251317,0.497896,-0.837235,0.044633,-0.068313,0.666967,0.347539,0.485496,0.000000,0.000000,0.000000,0.000000,0.000000,0.000000,0.000000,0.000000,0.000000,0.000000,0.000000,0.000000,0.000000,0.000000,0.000000,0.000000,0.000000,0.000000,0.000000,0.000000,0.000000,0.000000,0.000000,0.000000,0.000000,0.000000,0.000000,0.000000,0.000000,0.000000,0.000000,0.000000,0.000000,0.000000,0.000000,0.000000,0.000000,0.000000,0.000000,0.000000,0.000000,0.573269,0.000000,0.000000,0.000000,0.000000,0.000000,0.000000,0.610893,0.000000,0.000000,0.000000,0.000000,0.000000,0.000000
Cortex_9,0.784881,3.324666,0.000000,0.547622,-0.267221,-0.024166,-0.749997,0.117212,0.248609,0.233105,-0.376681,-0.644123,0.717096,0.000000,0.000000,0.000000,0.000000,0.000000,0.000000,0.000000,0.000000,0.000000,0.000000,0.000000,0.000000,0.000000,0.000000,0.000000,0.000000,0.000000,0.000000,0.000000,0.000000,0.000000,0.000000,0.000000,0.000000,0.000000,0.000000,0.000000,0.000000,0.000000,0.000000,0.000000,0.000000,0.000000,0.000000,0.000000,0.000000,0.000000,0.000000,0.000000,0.000000,0.000000,0.000000,0.000000,0.821087,0.644337,0.344406,0.000000,0.513418,0.000000,0.000000,0.000000,0.000000,0.000000,0.000000,0.000000
D1_0,0.000000,0.000000,-0.043904,0.000000,0.000000,0.000000,0.000000,0.000000,0.000000,0.000000,0.000000,0.000000,0.000000,-0.679535,-0.000000,-0.000000,-0.000000,-0.000000,-0.538131,0.000000,0.000000,0.000000,0.000000,0.000000,0.000000,0.503692,0.313659,0.720884,0.436497,0.000000,0.000000,0.000000,0.000000,0.000000,0.000000,0.000000,0.000000,0.000000,0.000000,0.000000,0.000000,0.000000,0.000000,0.000000,0.000000,0.000000,0.000000,0.000000,0.000000,0.000000,0.000000,0.000000,0.000000,0.000000,0.000000,0.000000,0.000000,0.000000,0.000000,0.000000,0.000000,0.000000,0.000000,0.000000,0.000000,0.000000,0.000000,0.000000
D1_1,0.000000,0.000000,-0.043904,0.000000,0.509727,0.000000,0.000000,0.000000,0.389698,0.000000,0.000000,0.000000,0.000000,-0.000000,-0.000000,-0.513941,-0.000000,-0.000000,-0.000000,0.000000,0.000000,0.000000,0.000000,0.000000,0.000000,0.858257,1.467300,1.391004,0.862808,0.000000,0.000000,0.000000,0.000000,0.000000,0.000000,0.000000,0.000000,0.000000,0.000000,0.000000,0.000000,0.000000,0.000000,0.000000,0.000000,0.000000,0.000000,0.000000,0.000000,0.000000,0.000000,0.000000,0.000000,0.000000,0.000000,0.000000,0.000000,0.000000,0.000000,0.000000,0.000000,0.000000,0.000000,0.000000,0.000000,0.000000,0.000000,0.000000
D1_2,0.000000,0.000000,-0.043904,0.000000,0.000000,0.595729,0.111965,0.000000,0.000000,0.160718,0.524245,0.000000,0.000000,-0.000000,-0.000000,-0.513927,-0.138117,-0.000000,-0.000000,0.000000,0.000000,0.000000,0.000000,0.000000,0.000000,0.670267,1.654057,0.559789,0.470001,0.000000,0.000000,0.000000,0.000000,0.000000,0.000000,0.000000,0.000000,0.000000,0.000000,0.000000,0.000000,0.000000,0.000000,0.000000,0.000000,0.000000,0.000000,0.000000,0.000000,0.000000,0.000000,0.000000,0.000000,0.000000,0.000000,0.000000,0.000000,0.000000,0.000000,0.000000,0.000000,0.000000,0.000000,0.000000,0.000000,0.000000,0.000000,0.000000
D1_3,0.000000,0.000000,-0.043904,0.000000,0.000000,0.000000,0.246397,0.000000,0.000000,0.000000,0.000000,0.000000,0.000000,-0.631626,-0.489541,-0.000000,-0.000000,-0.527257,-0.657671,0.000000,0.000000,0.000000,0.000000,0.000000,0.000000,0.670894,0.360304,0.539878,0.455751,0.000000,0.000000,0.000000,0.000000,0.000000,0.000000,0.000000,0.000000,0.000000,0.000000,0.000000,0.000000,0.000000,0.000000,0.000000,0.000000,0.000000,0.000000,0.000000,0.000000,0.000000,0.000000,0.000000,0.000000,0.000000,0.000000,0.000000,0.000000,0.000000,0.000000,0.000000,0.000000,0.000000,0.000000,0.000000,0.000000,0.000000,0.000000,0.000000
D1_4,0.000000,0.000000,-0.043904,0.000000,0.000000,0.000000,0.000000,0.691010,0.000000,0.781017,0.579407,0.000000,0.000000,-0.000000,-0.000000,-0.000000,-0.350283,-0.000000,-0.000000,0.000000,0.000000,0.000000,0.000000,0.000000,0.000000,0.514163,1.923965,0.532775,0.587825,0.000000,0.000000,0.000000,0.000000,0.000000,0.000000,0.000000,0.000000,0.000000,0.000000,0.000000,0.000000,0.000000,0.000000,0.000000,0.000000,0.000000,0.000000,0.000000,0.000000,0.000000,0.000000,0.000000,0.000000,0.000000,0.000000,0.000000,0.000000,0.000000,0.000000,0.000000,0.000000,0.000000,0.000000,0.000000,0.000000,0.000000,0.000000,0.000000
D1_5,0.000000,0.000000,-0.043904,0.754487,0.000000,0.125780,0.000000,0.077036,0.000000,0.000000,0.000000,0.000000,0.319907,-0.740083,-0.000000,-0.000000,-0.772521,-0.728828,-0.000000,0.000000,0.000000,0.000000,0.000000,0.000000,0.000000,0.378261,0.666804,0.248456,0.411333,0.000000,0.000000,0.000000,0.000000,0.000000,0.000000,0.000000,0.000000,0.000000,0.000000,0.000000,0.000000,0.000000,0.000000,0.000000,0.000000,0.000000,0.000000,0.000000,0.000000,0.000000,0.000000,0.000000,0.000000,0.000000,0.000000,0.000000,0.000000,0.000000,0.000000,0.000000,0.000000,0.000000,0.000000,0.000000,0.000000,0.000000,0.000000,0.000000
D2_0,0.000000,0.000000,0.343889,0.000000,0.000000,0.866675,0.000000,0.000000,0.000000,0.941774,0.715008,0.000000,0.000000,0.000000,0.000000,0.000000,0.000000,0.000000,0.000000,-0.000000,-0.000000,-0.000000,-0.000000,-0.000000,-0.000000,-0.264120,-0.352656,-0.367661,-0.317809,0.000000,0.000000,0.000000,0.000000,0.000000,0.000000,0.000000,0.000000,0.000000,0.000000,0.000000,0.000000,0.000000,0.000000,0.000000,0.000000,0.000000,0.000000,0.000000,0.000000,0.000000,0.000000,0.000000,0.000000,0.000000,0.000000,0.000000,0.000000,0.000000,0.000000,0.000000,0.000000,0.000000,0.000000,0.000000,0.000000,0.000000,0.000000,0.000000
D2_1,0.000000,0.000000,0.343889,0.000000,0.329550,0.000000,0.000000,0.000000,0.000000,0.000000,0.000000,0.000000,0.000000,0.000000,0.000000,0.000000,0.000000,0.000000,0.000000,-0.906433,-0.000000,-0.000000,-0.000000,-0.000000,-0.000000,-0.168876,-0.365388,-0.044402,-0.074338,0.000000,0.000000,0.000000,0.000000,0.000000,0.000000,0.000000,0.000000,0.000000,0.000000,0.000000,0.000000,0.000000,0.000000,0.000000,0.000000,0.000000,0.000000,0.000000,0.000000,0.000000,0.000000,0.000000,0.000000,0.000000,0.000000,0.000000,0.000000,0.000000,0.000000,0.000000,0.000000,0.000000,0.000000,0.000000,0.000000,0.000000,0.000000,0.000000
D2_2,0.000000,0.000000,0.343889,0.000000,0.742118,0.000000,0.569947,0.698052,0.707400,0.813252,0.562875,0.000000,0.000000,0.000000,0.000000,0.000000,0.000000,0.000000,0.000000,-0.000000,-0.000000,-0.000000,-0.000000,-0.000000,-0.000000,-0.323644,-0.273988,-0.460701,-0.251729,0.000000,0.000000,0.000000,0.000000,0.000000,0.000000,0.000000,0.000000,0.000000,0.000000,0.000000,0.000000,0.000000,0.000000,0.000000,0.000000,0.000000,0.000000,0.000000,0.000000,0.000000,0.000000,0.000000,0.000000,0.000000,0.000000,0.000000,0.000000,0.000000,0.000000,0.000000,0.000000,0.000000,0.000000,0.000000,0.000000,0.000000,0.000000,0.000000
D2_3,0.000000,0.000000,0.343889,0.000000,0.805953,0.766987,0.000000,0.000000,0.689277,0.000000,0.757407,0.560023,0.000000,0.000000,0.000000,0.000000,0.000000,0.000000,0.000000,-0.000000,-0.000000,-0.000000,-0.000000,-0.000000,-0.000000,-0.371906,-0.308099,-0.320645,-0.201592,0.000000,0.000000,0.000000,0.000000,0.000000,0.000000,0.000000,0.000000,0.000000,0.000000,0.000000,0.000000,0.000000,0.000000,0.000000,0.000000,0.000000,0.000000,0.000000,0.000000,0.000000,0.000000,0.000000,0.000000,0.000000,0.000000,0.000000,0.000000,0.000000,0.000000,0.000000,0.000000,0.000000,0.000000,0.000000,0.000000,0.000000,0.000000,0.000000
D2_4,0.000000,0.000000,0.343889,0.326125,0.000000,0.000000,0.000000,0.000000,0.510973,0.000000,0.000000,0.067155,0.931173,0.000000,0.000000,0.000000,0.000000,0.000000,0.000000,-0.000000,-0.354390,-0.000000,-0.415008,-0.099157,-0.000000,-0.128553,-0.268973,-0.095447,-0.093098,0.000000,0.000000,0.000000,0.000000,0.000000,0.000000,0.000000,0.000000,0.000000,0.000000,0.000000,0.000000,0.000000,0.000000,0.000000,0.000000,0.000000,0.000000,0.000000,0.000000,0.000000,0.000000,0.000000,0.000000,0.000000,0.000000,0.000000,0.000000,0.000000,0.000000,0.000000,0.000000,0.000000,0.000000,0.000000,0.000000,0.000000,0.000000,0.000000
D2_5,0.000000,0.000000,0.343889,0.780653,0.000000,0.425536,0.548021,0.416501,0.000000,0.000000,0.000000,0.375124,0.000000,0.000000,0.000000,0.000000,0.000000,0.000000,0.000000,-0.000000,-0.000000,-0.000000,-0.000000,-0.000000,-0.000000,-0.185196,-0.272572,-0.439019,-0.185606,0.000000,0.000000,0.000000,0.000000,0.000000,0.000000,0.000000,0.000000,0.000000,0.000000,0.000000,0.000000,0.000000,0.000000,0.000000,0.000000,0.000000,0.000000,0.000000,0.000000,0.000000,0.000000,0.000000,0.000000,0.000000,0.000000,0.000000,0.000000,0.000000,0.000000,0.000000,0.000000,0.000000,0.000000,0.000000,0.000000,0.000000,0.000000,0.000000
SNc_0,0.000000,0.000000,0.000000,0.082092,0.000000,0.000000,0.000000,0.208041,0.550398,0.000000,0.000000,0.199287,0.000000,-0.000000,-0.257917,-0.000000,-0.000000,-0.512926,-0.000000,-0.669107,-0.000000,-0.682073,-0.562652,-0.000000,-0.334607,0.000000,0.000000,0.000000,0.000000,0.000000,0.000000,0.000000,0.000000,0.000000,0.000000,0.000000,0.000000,0.000000,0.000000,0.724171,0.510353,0.000000,0.000000,0.000000,0.000000,0.000000,0.000000,0.000000,0.000000,0.000000,0.000000,0.000000,0.000000,0.000000,0.000000,0.000000,0.000000,0.000000,0.000000,0.000000,0.000000,0.000000,0.000000,0.000000,0.000000,0.000000,0.000000,0.000000
SNc_1,0.000000,0.000000,0.000000,0.000000,0.000000,0.000000,0.000000,0.267182,0.162373,0.000000,0.000000,0.268418,0.239120,-0.366459,-0.079907,-0.000000,-0.000000,-0.000000,-0.435527,-0.684793,-0.000000,-0.000000,-0.000000,-0.000000,-0.593892,0.000000,0.000000,0.000000,0.000000,0.000000,0.000000,0.000000,0.000000,0.000000,0.000000,0.107286,0.000000,0.074142,0.228369,0.000000,0.000000,0.000000,0.000000,0.000000,0.000000,0.000000,0.000000,0.000000,0.000000,0.000000,0.000000,0.000000,0.000000,0.000000,0.000000,0.000000,0.000000,0.000000,0.000000,0.000000,0.000000,0.000000,0.000000,0.000000,0.000000,0.000000,0.000000,0.000000
SNc_2,0.000000,0.000000,0.000000,0.000000,0.000000,0.378130,0.000000,0.000000,0.000000,0.000000,0.000000,0.000000,0.830430,-0.000000,-0.000000,-0.890643,-0.981006,-0.969206,-0.000000,-0.000000,-0.000000,-0.000000,-0.278238,-0.000000,-0.000000,0.000000,0.000000,0.000000,0.000000,0.000000,0.000000,0.000000,0.000000,0.000000,0.000000,0.000000,0.469026,0.228678,0.000000,0.000000,0.000000,0.000000,0.000000,0.000000,0.000000,0.000000,0.000000,0.000000,0.000000,0.000000,0.000000,0.000000,0.000000,0.000000,0.000000,0.000000,0.000000,0.000000,0.000000,0.000000,0.000000,0.000000,0.000000,0.000000,0.000000,0.000000,0.000000,0.000000
SNc_3,0.000000,0.000000,0.000000,0.248310,0.000000,0.000000,0.000000,0.000000,0.000000,0.000000,0.000000,0.360396,0.000000,-0.333918,-0.000000,-0.000000,-0.387783,-0.133701,-0.000000,-0.000000,-0.000000,-0.617196,-0.576597,-0.000000,-0.000000,0.000000,0.000000,0.000000,0.000000,0.000000,0.000000,0.000000,0.000000,0.000000,0.000000,0.000000,0.000000,0.409217,0.470852,0.302744,0.000000,0.000000,0.000000,0.000000,0.000000,0.000000,0.000000,0.000000,0.000000,0.000000,0.000000,0.000000,0.000000,0.000000,0.000000,0.000000,0.000000,0.000000,0.000000,0.000000,0.000000,0.000000,0.000000,0.000000,0.000000,0.000000,0.000000,0.000000
GPe_0,0.000000,0.000000,0.000000,0.000000,0.000000,0.000000,0.000000,0.000000,0.000000,0.000000,0.000000,0.000000,0.000000,0.000000,0.000000,0.000000,0.000000,0.000000,0.000000,-0.000000,-0.285757,-0.000000,-0.000000,-0.000000,-0.000000,0.000000,0.000000,0.000000,0.000000,-0.000000,-0.313117,-0.468694,-0.652741,-0.000000,-0.000000,0.000000,0.000000,0.886757,0.000000,0.000000,0.188986,0.000000,0.000000,0.000000,0.000000,0.000000,0.000000,0.000000,0.000000,0.000000,0.000000,0.000000,0.000000,0.000000,0.000000,0.000000,0.000000,0.000000,0.000000,0.000000,0.000000,0.000000,0.000000,0.000000,0.000000,0.000000,0.000000,0.000000
GPe_1,0.000000,0.000000,0.000000,0.000000,0.000000,0.000000,0.000000,0.000000,0.000000,0.000000,0.000000,0.000000,0.000000,0.000000,0.000000,0.000000,0.000000,0.000000,0.000000,-0.000000,-0.000000,-0.000000,-0.000000,-0.372674,-0.000000,0.000000,0.000000,0.000000,0.000000,-0.544353,-0.000000,-0.549168,-0.000000,-0.000000,-0.460627,0.113406,0.615421,0.000000,0.000000,0.000000,0.000000,0.000000,0.000000,0.000000,0.000000,0.000000,0.000000,0.000000,0.000000,0.000000,0.000000,0.000000,0.000000,0.000000,0.000000,0.000000,0.000000,0.000000,0.000000,0.000000,0.000000,0.000000,0.000000,0.000000,0.000000,0.000000,0.000000,0.000000
GPe_2,0.000000,0.000000,0.000000,0.000000,0.000000,0.000000,0.000000,0.000000,0.000000,0.000000,0.000000,0.000000,0.000000,0.000000,0.000000,0.000000,0.000000,0.000000,0.000000,-0.000000,-0.450291,-0.143080,-0.000000,-0.000000,-0.276931,0.000000,0.000000,0.000000,0.000000,-0.518918,-0.000000,-0.000000,-0.000000,-0.000000,-0.125788,0.640196,0.000000,0.000000,0.279080,0.226962,0.000000,0.000000,0.000000,0.000000,0.000000,0.000000,0.000000,0.000000,0.000000,0.000000,0.000000,0.000000,0.000000,0.000000,0.000000,0.000000,0.000000,0.000000,0.000000,0.000000,0.000000,0.000000,0.000000,0.000000,0.000000,0.000000,0.000000,0.000000
GPe_3,0.000000,0.000000,0.000000,0.000000,0.000000,0.000000,0.000000,0.000000,0.000000,0.000000,0.000000,0.000000,0.000000,0.000000,0.000000,0.000000,0.000000,0.000000,0.000000,-0.000000,-0.000000,-0.000000,-0.000000,-0.000000,-0.343005,0.000000,0.000000,0.000000,0.000000,-0.000000,-0.000000,-0.768950,-0.569789,-0.000000,-0.260951,0.330368,0.518605,0.000000,0.290641,0.250807,0.000000,0.000000,0.000000,0.000000,0.000000,0.000000,0.000000,0.000000,0.000000,0.000000,0.000000,0.000000,0.000000,0.000000,0.000000,0.000000,0.000000,0.000000,0.000000,0.000000,0.000000,0.000000,0.000000,0.000000,0.000000,0.000000,0.000000,0.000000
GPe_4,0.000000,0.000000,0.000000,0.000000,0.000000,0.000000,0.000000,0.000000,0.000000,0.000000,0.000000,0.000000,0.000000,0.000000,0.000000,0.000000,0.000000,0.000000,0.000000,-0.000000,-0.233670,-0.479005,-0.390859,-0.319351,-0.000000,0.000000,0.000000,0.000000,0.000000,-0.546206,-0.000000,-0.151117,-0.087838,-0.592939,-0.000000,0.000000,0.000000,0.000000,0.000000,0.000000,0.445491,0.000000,0.000000,0.000000,0.000000,0.000000,0.000000,0.000000,0.000000,0.000000,0.000000,0.000000,0.000000,0.000000,0.000000,0.000000,0.000000,0.000000,0.000000,0.000000,0.000000,0.000000,0.000000,0.000000,0.000000,0.000000,0.000000,0.000000
GPe_5,0.000000,0.000000,0.000000,0.000000,0.000000,0.000000,0.000000,0.000000,0.000000,0.000000,0.000000,0.000000,0.000000,0.000000,0.000000,0.000000,0.000000,0.000000,0.000000,-0.627624,-0.000000,-0.000000,-0.653726,-0.000000,-0.500059,0.000000,0.000000,0.000000,0.000000,-0.678459,-0.000000,-0.430286,-0.455843,-0.206303,-0.193039,0.075960,0.132168,0.135276,0.440447,0.000000,0.005726,0.000000,0.000000,0.000000,0.000000,0.000000,0.000000,0.000000,0.000000,0.000000,0.000000,0.000000,0.000000,0.000000,0.000000,0.000000,0.000000,0.000000,0.000000,0.000000,0.000000,0.000000,0.000000,0.000000,0.000000,0.000000,0.000000,0.000000
STN_0,0.000000,0.000000,0.000000,0.204893,0.000000,0.421882,0.000000,0.000000,0.000000,0.000000,0.000000,0.000000,0.000000,0.000000,0.000000,0.000000,0.000000,0.000000,0.000000,0.000000,0.000000,0.000000,0.000000,0.000000,0.000000,0.000000,0.000000,0.000000,0.000000,-0.000000,-0.000000,-0.085972,-0.000000,-0.000000,-0.000000,0.000000,0.000000,0.406499,0.361702,0.471735,0.257102,0.000000,0.000000,0.000000,0.000000,0.000000,0.000000,0.000000,0.000000,0.000000,0.000000,0.000000,0.000000,0.000000,0.000000,0.000000,0.000000,0.000000,0.000000,0.000000,0.000000,0.000000,0.000000,0.000000,0.000000,0.000000,0.000000,0.000000
STN_1,0.000000,0.000000,0.000000,0.000000,0.000000,0.000000,0.000000,0.000000,0.180525,0.000000,0.000000,0.114133,0.000000,0.000000,0.000000,0.000000,0.000000,0.000000,0.000000,0.000000,0.000000,0.000000,0.000000,0.000000,0.000000,0.000000,0.000000,0.000000,0.000000,-0.000000,-0.795997,-0.000000,-0.580661,-0.000000,-0.367574,0.774603,0.663153,0.000000,0.426278,0.605152,0.254421,0.000000,0.000000,0.000000,0.000000,0.000000,0.000000,0.000000,0.000000,0.000000,0.000000,0.000000,0.000000,0.000000,0.000000,0.000000,0.000000,0.000000,0.000000,0.000000,0.000000,0.000000,0.000000,0.000000,0.000000,0.000000,0.000000,0.000000
STN_2,0.000000,0.000000,0.000000,0.000000,0.000000,0.213572,0.000000,0.000000,0.000000,0.000000,0.000000,0.000000,0.000000,0.000000,0.000000,0.000000,0.000000,0.000000,0.000000,0.000000,0.000000,0.000000,0.000000,0.000000,0.000000,0.000000,0.000000,0.000000,0.000000,-0.677822,-0.042852,-0.291308,-0.019226,-0.000000,-0.436038,0.000000,0.000000,0.000000,0.000000,0.000000,0.000000,0.000000,0.000000,0.000000,0.000000,0.000000,0.000000,0.000000,0.000000,0.000000,0.000000,0.000000,0.000000,0.000000,0.000000,0.000000,0.000000,0.000000,0.000000,0.000000,0.000000,0.000000,0.000000,0.000000,0.000000,0.000000,0.000000,0.000000
STN_3,0.000000,0.000000,0.000000,0.000000,0.000000,0.000000,0.000000,0.000000,0.636620,0.000000,0.435940,0.631296,0.000000,0.000000,0.000000,0.000000,0.000000,0.000000,0.000000,0.000000,0.000000,0.000000,0.000000,0.000000,0.000000,0.000000,0.000000,0.000000,0.000000,-0.654746,-0.000000,-0.000000,-0.000000,-0.000000,-0.000000,0.000000,0.273300,0.000000,0.000000,0.688479,0.309267,0.000000,0.000000,0.000000,0.000000,0.000000,0.000000,0.000000,0.000000,0.000000,0.000000,0.000000,0.000000,0.000000,0.000000,0.000000,0.000000,0.000000,0.000000,0.000000,0.000000,0.000000,0.000000,0.000000,0.000000,0.000000,0.000000,0.000000
STN_4,0.000000,0.000000,0.000000,0.000000,0.000000,0.000000,0.315167,0.000000,0.534043,0.000000,0.000000,0.455801,0.000000,0.000000,0.000000,0.000000,0.000000,0.000000,0.000000,0.000000,0.000000,0.000000,0.000000,0.000000,0.000000,0.000000,0.000000,0.000000,0.000000,-0.042293,-0.338452,-0.000000,-0.269278,-0.000000,-0.000000,0.000000,0.763092,0.326097,0.756700,0.000000,0.504900,0.000000,0.000000,0.000000,0.000000,0.000000,0.000000,0.000000,0.000000,0.000000,0.000000,0.000000,0.000000,0.000000,0.000000,0.000000,0.000000,0.000000,0.000000,0.000000,0.000000,0.000000,0.000000,0.000000,0.000000,0.000000,0.000000,0.000000
STN_5,0.000000,0.000000,0.000000,0.000000,0.234230,0.000000,0.099000,0.000000,0.565576,0.000000,0.000000,0.000000,0.000000,0.000000,0.000000,0.000000,0.000000,0.000000,0.000000,0.000000,0.000000,0.000000,0.000000,0.000000,0.000000,0.000000,0.000000,0.000000,0.000000,-0.000000,-0.000000,-0.000000,-0.000000,-0.000000,-0.000000,0.000000,0.000000,0.000000,0.000000,0.000000,0.482858,0.000000,0.000000,0.000000,0.000000,0.000000,0.000000,0.000000,0.000000,0.000000,0.000000,0.000000,0.000000,0.000000,0.000000,0.000000,0.000000,0.000000,0.000000,0.000000,0.000000,0.000000,0.000000,0.000000,0.000000,0.000000,0.000000,0.000000
SNr_0,0.000000,0.000000,0.000000,0.000000,0.000000,0.000000,0.000000,0.000000,0.000000,0.000000,0.000000,0.000000,0.000000,-0.506078,-0.254290,-0.000000,-0.440494,-0.000000,-0.000000,0.000000,0.000000,0.000000,0.000000,0.000000,0.000000,0.000000,0.000000,0.000000,0.000000,-0.437858,-0.000000,-0.064809,-0.142137,-0.000000,-0.000000,0.630418,0.000000,0.641420,0.000000,0.558061,0.000000,0.000000,0.000000,0.000000,0.000000,0.000000,0.000000,0.000000,0.000000,0.000000,0.000000,0.000000,0.000000,0.000000,0.000000,0.000000,0.000000,0.000000,0.000000,0.000000,0.000000,0.000000,0.000000,0.000000,0.000000,0.000000,0.000000,0.000000
SNr_1,0.000000,0.000000,0.000000,0.000000,0.000000,0.000000,0.000000,0.000000,0.000000,0.000000,0.000000,0.000000,0.000000,-0.000000,-0.855311,-0.609027,-0.000000,-0.000000,-0.000000,0.000000,0.000000,0.000000,0.000000,0.000000,0.000000,0.000000,0.000000,0.000000,0.000000,-0.000000,-0.000000,-0.000000,-0.000000,-0.939180,-0.876846,0.000000,0.000000,0.374985,0.000000,0.000000,0.000000,0.000000,0.000000,0.000000,0.000000,0.000000,0.000000,0.000000,0.000000,0.000000,0.000000,0.000000,0.000000,0.000000,0.000000,0.000000,0.000000,0.000000,0.000000,0.000000,0.000000,0.000000,0.000000,0.000000,0.000000,0.000000,0.000000,0.000000
SNr_2,0.000000,0.000000,0.000000,0.000000,0.000000,0.000000,0.000000,0.000000,0.000000,0.000000,0.000000,0.000000,0.000000,-0.096522,-0.000000,-0.234830,-0.117703,-0.000000,-0.000000,0.000000,0.000000,0.000000,0.000000,0.000000,0.000000,0.000000,0.000000,0.000000,0.000000,-0.162813,-0.000000,-0.000000,-0.237744,-0.000000,-0.057885,0.329998,0.000000,0.446911,0.000000,0.380565,0.000000,0.000000,0.000000,0.000000,0.000000,0.000000,0.000000,0.000000,0.000000,0.000000,0.000000,0.000000,0.000000,0.000000,0.000000,0.000000,0.000000,0.000000,0.000000,0.000000,0.000000,0.000000,0.000000,0.000000,0.000000,0.000000,0.000000,0.000000
SNr_3,0.000000,0.000000,0.000000,0.000000,0.000000,0.000000,0.000000,0.000000,0.000000,0.000000,0.000000,0.000000,0.000000,-0.000000,-0.405114,-0.000000,-0.000000,-0.000000,-0.000000,0.000000,0.000000,0.000000,0.000000,0.000000,0.000000,0.000000,0.000000,0.000000,0.000000,-0.000000,-0.000000,-0.000000,-0.398246,-0.400456,-0.000000,0.000000,0.440792,0.000000,0.645116,0.000000,0.489758,0.000000,0.000000,0.000000,0.000000,0.000000,0.000000,0.000000,0.000000,0.000000,0.000000,0.000000,0.000000,0.000000,0.000000,0.000000,0.000000,0.000000,0.000000,0.000000,0.000000,0.000000,0.000000,0.000000,0.000000,0.000000,0.000000,0.000000
SNr_4,0.000000,0.000000,0.000000,0.000000,0.000000,0.000000,0.000000,0.000000,0.000000,0.000000,0.000000,0.000000,0.000000,-0.000000,-0.000000,-0.182242,-0.000000,-0.498445,-0.000000,0.000000,0.000000,0.000000,0.000000,0.000000,0.000000,0.000000,0.000000,0.000000,0.000000,-0.021974,-0.000000,-0.000000,-0.000000,-0.000000,-0.000000,0.000000,0.544891,0.000000,0.000000,0.454423,0.356018,0.000000,0.000000,0.000000,0.000000,0.000000,0.000000,0.000000,0.000000,0.000000,0.000000,0.000000,0.000000,0.000000,0.000000,0.000000,0.000000,0.000000,0.000000,0.000000,0.000000,0.000000,0.000000,0.000000,0.000000,0.000000,0.000000,0.000000
SNr_5,0.000000,0.000000,0.000000,0.000000,0.000000,0.000000,0.000000,0.000000,0.000000,0.000000,0.000000,0.000000,0.000000,-0.282223,-0.225209,-0.162750,-0.000000,-0.593790,-0.233564,0.000000,0.000000,0.000000,0.000000,0.000000,0.000000,0.000000,0.000000,0.000000,0.000000,-0.000000,-0.000000,-0.000000,-0.000000,-0.000000,-0.000000,0.776811,0.380251,0.000000,0.000000,0.000000,0.000000,0.000000,0.000000,0.000000,0.000000,0.000000,0.000000,0.000000,0.000000,0.000000,0.000000,0.000000,0.000000,0.000000,0.000000,0.000000,0.000000,0.000000,0.000000,0.000000,0.000000,0.000000,0.000000,0.000000,0.000000,0.000000,0.000000,0.000000
SC_0,0.000000,0.000000,0.000000,0.000000,0.000000,0.436409,0.000000,0.000000,0.188047,0.232494,0.000000,0.000000,0.465788,0.000000,0.000000,0.000000,0.000000,0.000000,0.000000,0.000000,0.000000,0.000000,0.000000,0.000000,0.000000,0.000000,0.000000,0.000000,0.000000,0.000000,0.000000,0.000000,0.000000,0.000000,0.000000,0.000000,0.000000,0.000000,0.000000,0.000000,0.000000,-0.000000,-0.786103,-0.000000,-0.000000,-0.000000,-0.600981,1.011598,0.022677,-0.691747,-0.326282,-0.051147,0.256088,0.000000,0.000000,0.000000,0.000000,0.000000,0.000000,0.000000,0.000000,0.000000,0.000000,0.000000,0.000000,0.000000,0.000000,0.000000
SC_1,0.000000,0.000000,0.000000,0.000000,0.000000,0.000000,0.000000,0.000000,0.424292,0.000000,0.000000,0.453701,0.000000,0.000000,0.000000,0.000000,0.000000,0.000000,0.000000,0.000000,0.000000,0.000000,0.000000,0.000000,0.000000,0.000000,0.000000,0.000000,0.000000,0.000000,0.000000,0.000000,0.000000,0.000000,0.000000,0.000000,0.000000,0.000000,0.000000,0.000000,0.000000,-0.000000,-0.000000,-0.359664,-0.706730,-0.000000,-0.000000,0.189474,0.999772,0.234417,-0.254969,0.292454,-0.279602,0.000000,0.000000,0.000000,0.000000,0.000000,0.000000,0.000000,0.000000,0.000000,0.000000,0.000000,0.000000,0.000000,0.000000,0.000000
SC_2,0.000000,0.000000,0.000000,0.068400,0.000000,0.000000,0.000000,0.000000,0.000000,0.000000,0.000000,0.019013,0.630917,0.000000,0.000000,0.000000,0.000000,0.000000,0.000000,0.000000,0.000000,0.000000,0.000000,0.000000,0.000000,0.000000,0.000000,0.000000,0.000000,0.000000,0.000000,0.000000,0.000000,0.000000,0.000000,0.000000,0.000000,0.000000,0.000000,0.000000,0.000000,-0.000000,-0.000000,-0.680671,-0.461810,-0.522875,-0.000000,0.760083,0.775613,1.551302,-0.826541,-0.836014,0.808527,0.000000,0.000000,0.000000,0.000000,0.000000,0.000000,0.000000,0.000000,0.000000,0.000000,0.000000,0.000000,0.000000,0.000000,0.000000
SC_3,0.000000,0.000000,0.000000,0.000000,0.000000,0.000000,0.000000,0.000000,0.000000,0.000000,0.879264,0.000000,0.000000,0.000000,0.000000,0.000000,0.000000,0.000000,0.000000,0.000000,0.000000,0.000000,0.000000,0.000000,0.000000,0.000000,0.000000,0.000000,0.000000,0.000000,0.000000,0.000000,0.000000,0.000000,0.000000,0.000000,0.000000,0.000000,0.000000,0.000000,0.000000,-0.331306,-0.103925,-0.000000,-0.227884,-0.000000,-0.000000,-1.202976,-0.085217,3.350915,0.790055,0.938415,0.631046,0.000000,0.000000,0.000000,0.000000,0.000000,0.000000,0.000000,0.000000,0.000000,0.000000,0.000000,0.000000,0.000000,0.000000,0.000000
SC_4,0.000000,0.000000,0.000000,0.000000,0.000000,0.000000,0.000000,0.000000,0.000000,0.000000,0.000000,0.000000,0.000000,0.000000,0.000000,0.000000,0.000000,0.000000,0.000000,0.000000,0.000000,0.000000,0.000000,0.000000,0.000000,0.000000,0.000000,0.000000,0.000000,0.000000,0.000000,0.000000,0.000000,0.000000,0.000000,0.000000,0.000000,0.000000,0.000000,0.000000,0.000000,-0.000000,-0.000000,-0.000000,-0.000000,-0.000000,-0.000000,-0.090698,1.386145,0.683902,0.105145,0.660359,0.103614,0.000000,0.000000,0.000000,0.000000,0.000000,0.000000,0.000000,0.000000,0.000000,0.000000,0.000000,0.000000,0.000000,0.000000,0.000000
SC_5,0.000000,0.000000,0.000000,0.000000,0.000000,0.000000,0.000000,0.183645,0.000000,0.461680,0.000000,0.000000,0.000000,0.000000,0.000000,0.000000,0.000000,0.000000,0.000000,0.000000,0.000000,0.000000,0.000000,0.000000,0.000000,0.000000,0.000000,0.000000,0.000000,0.000000,0.000000,0.000000,0.000000,0.000000,0.000000,0.000000,0.000000,0.000000,0.000000,0.000000,0.000000,-0.444139,-0.000000,-0.000000,-0.809975,-0.000000,-0.706584,-0.254750,0.322635,2.916465,0.507749,0.576007,0.812356,0.000000,0.000000,0.000000,0.000000,0.000000,0.000000,0.000000,0.000000,0.000000,0.000000,0.000000,0.000000,0.000000,0.000000,0.000000
Thalamus_0,0.000000,0.000000,0.000000,0.000000,0.386309,0.000000,0.000000,0.000000,0.251765,0.526183,0.411507,0.000000,0.000000,0.000000,0.000000,0.000000,0.000000,0.000000,0.000000,0.000000,0.000000,0.000000,0.000000,0.000000,0.000000,0.000000,0.000000,0.000000,0.000000,0.000000,0.000000,0.000000,0.000000,0.000000,0.000000,0.000000,0.000000,0.000000,0.000000,0.000000,0.000000,-0.341652,-0.000000,-0.000000,-0.107010,-0.185856,-0.000000,0.000000,0.000000,0.000000,0.000000,0.000000,0.000000,0.318687,0.053470,0.500643,0.662312,-0.183739,0.258928,0.082489,-0.718278,0.178952,-0.329704,0.000000,0.000000,0.000000,0.000000,0.000000
Thalamus_1,0.000000,0.000000,0.000000,0.000000,0.000000,0.000000,0.000000,0.000000,0.185232,0.668918,0.000000,0.000000,0.395704,0.000000,0.000000,0.000000,0.000000,0.000000,0.000000,0.000000,0.000000,0.000000,0.000000,0.000000,0.000000,0.000000,0.000000,0.000000,0.000000,0.000000,0.000000,0.000000,0.000000,0.000000,0.000000,0.000000,0.000000,0.000000,0.000000,0.000000,0.000000,-0.539957,-0.000000,-0.000000,-0.219775,-0.353424,-0.309785,0.000000,0.877403,0.000000,0.000000,0.706442,0.000000,0.588144,0.647286,0.472795,-0.373902,-0.334077,0.443648,0.492563,0.349852,-0.420814,0.147806,0.000000,0.000000,0.000000,0.000000,0.000000
Thalamus_2,0.000000,0.000000,0.000000,0.354056,0.115132,0.000000,0.324584,0.231592,0.000000,0.347061,0.000000,0.101453,0.000000,0.000000,0.000000,0.000000,0.000000,0.000000,0.000000,0.000000,0.000000,0.000000,0.000000,0.000000,0.000000,0.000000,0.000000,0.000000,0.000000,0.000000,0.000000,0.000000,0.000000,0.000000,0.000000,0.000000,0.000000,0.000000,0.000000,0.000000,0.000000,-0.000000,-0.916560,-0.138325,-0.000000,-0.000000,-0.134943,0.000000,0.000000,0.000000,0.000000,0.397252,0.000000,-0.131077,0.115751,0.942768,0.443436,-0.344098,-0.413257,0.368405,-0.926413,-0.236229,-0.096931,0.000000,0.000000,0.000000,0.000000,0.000000
Thalamus_3,0.000000,0.000000,0.000000,0.153478,0.000000,0.437164,0.000000,0.000000,0.418015,0.411586,0.501974,0.000000,0.000000,0.000000,0.000000,0.000000,0.000000,0.000000,0.000000,0.000000,0.000000,0.000000,0.000000,0.000000,0.000000,0.000000,0.000000,0.000000,0.000000,0.000000,0.000000,0.000000,0.000000,0.000000,0.000000,0.000000,0.000000,0.000000,0.000000,0.000000,0.000000,-0.000000,-0.000000,-0.279711,-0.000000,-0.000000,-0.284448,0.000000,0.774838,0.000000,0.000000,0.000000,0.608681,-0.222049,-0.560321,-0.855698,1.044937,0.078200,0.288947,0.398728,-0.534927,-0.283856,-0.081610,0.000000,0.000000,0.000000,0.000000,0.000000
Thalamus_4,0.000000,0.000000,0.000000,0.000000,0.000000,0.468696,0.000000,0.000000,0.000000,0.000000,0.000000,0.217928,0.755810,0.000000,0.000000,0.000000,0.000000,0.000000,0.000000,0.000000,0.000000,0.000000,0.000000,0.000000,0.000000,0.000000,0.000000,0.000000,0.000000,0.000000,0.000000,0.000000,0.000000,0.000000,0.000000,0.000000,0.000000,0.000000,0.000000,0.000000,0.000000,-0.000000,-0.222903,-0.477943,-0.232475,-0.000000,-0.606404,0.000000,0.000000,0.983999,0.000000,0.000000,0.000000,0.088270,-0.406298,0.094474,0.242098,0.741877,0.043669,0.153781,-0.109449,0.090775,-0.251506,0.000000,0.000000,0.000000,0.000000,0.000000
Thalamus_5,0.000000,0.000000,0.000000,0.000000,0.599752,0.000000,0.000000,0.000000,0.000000,0.000000,0.406153,0.000000,0.000000,0.000000,0.000000,0.000000,0.000000,0.000000,0.000000,0.000000,0.000000,0.000000,0.000000,0.000000,0.000000,0.000000,0.000000,0.000000,0.000000,0.000000,0.000000,0.000000,0.000000,0.000000,0.000000,0.000000,0.000000,0.000000,0.000000,0.000000,0.000000,-0.000000,-0.000000,-0.097903,-0.000000,-0.000000,-0.000000,0.000000,0.000000,0.587363,0.000000,0.000000,0.000000,0.761455,-0.609323,0.343927,-0.466616,0.157803,-0.104843,-0.787047,-0.070872,0.218872,0.371998,0.000000,0.000000,0.000000,0.000000,0.000000
Thalamus_6,0.000000,0.000000,0.000000,0.000000,0.000000,0.000000,0.000000,0.000000,0.000000,0.000000,0.539939,0.000000,0.000000,0.000000,0.000000,0.000000,0.000000,0.000000,0.000000,0.000000,0.000000,0.000000,0.000000,0.000000,0.000000,0.000000,0.000000,0.000000,0.000000,0.000000,0.000000,0.000000,0.000000,0.000000,0.000000,0.000000,0.000000,0.000000,0.000000,0.000000,0.000000,-0.202359,-0.000000,-0.000000,-0.613632,-0.066237,-0.000000,0.000000,0.263670,0.000000,0.524432,0.000000,0.000000,0.207895,0.348725,-0.583697,2.382433,1.409373,0.097935,-0.008339,0.929907,-0.347200,0.111450,0.000000,0.000000,0.000000,0.000000,0.000000
Thalamus_7,0.000000,0.000000,0.000000,0.402048,0.000000,0.121534,0.000000,0.055189,0.000000,0.000000,0.219209,0.000000,0.400584,0.000000,0.000000,0.000000,0.000000,0.000000,0.000000,0.000000,0.000000,0.000000,0.000000,0.000000,0.000000,0.000000,0.000000,0.000000,0.000000,0.000000,0.000000,0.000000,0.000000,0.000000,0.000000,0.000000,0.000000,0.000000,0.000000,0.000000,0.000000,-0.000000,-0.659592,-0.000000,-0.295024,-0.516827,-0.000000,0.000000,0.000000,0.156870,0.000000,0.740520,0.000000,-0.241126,-0.256017,-0.261616,0.206396,0.601022,-0.044724,-0.540223,1.022334,0.018023,-0.303627,0.000000,0.000000,0.000000,0.000000,0.000000
Thalamus_8,0.000000,0.000000,0.000000,0.000000,0.000000,0.336735,0.186423,0.000000,0.000000,0.000000,0.000000,0.000000,0.000000,0.000000,0.000000,0.000000,0.000000,0.000000,0.000000,0.000000,0.000000,0.000000,0.000000,0.000000,0.000000,0.000000,0.000000,0.000000,0.000000,0.000000,0.000000,0.000000,0.000000,0.000000,0.000000,0.000000,0.000000,0.000000,0.000000,0.000000,0.000000,-0.000000,-0.000000,-0.586101,-0.000000,-0.000000,-0.422129,0.753031,0.000000,0.170820,0.000000,0.000000,0.000000,-0.030958,-0.030599,-0.093081,0.124201,0.000818,-0.218305,-0.798627,0.530095,0.698313,-0.369044,0.000000,0.000000,0.000000,0.000000,0.000000
Thalamus_9,0.000000,0.000000,0.000000,0.000000,0.290835,0.065766,0.363631,0.000000,0.000000,0.000000,0.000000,0.000000,0.000000,0.000000,0.000000,0.000000,0.000000,0.000000,0.000000,0.000000,0.000000,0.000000,0.000000,0.000000,0.000000,0.000000,0.000000,0.000000,0.000000,0.000000,0.000000,0.000000,0.000000,0.000000,0.000000,0.000000,0.000000,0.000000,0.000000,0.000000,0.000000,-0.000000,-0.562776,-0.000000,-0.494512,-0.000000,-0.000000,0.000000,0.000000,0.000000,0.000000,0.360963,0.000000,-0.130296,-0.953555,-0.055797,-0.143485,-0.474807,-0.527863,0.413237,-0.757068,0.750912,0.297606,0.000000,0.000000,0.000000,0.000000,0.000000
Medulla_0,0.000000,0.000000,0.000000,-0.295711,-0.600156,-0.034365,-0.059437,-0.292177,-0.338152,-0.000760,1.242258,-0.011786,-0.538233,0.000000,0.000000,0.000000,0.000000,0.000000,0.000000,0.000000,0.000000,0.000000,0.000000,0.000000,0.000000,0.000000,0.000000,0.000000,0.000000,0.000000,0.000000,0.000000,0.000000,0.000000,0.000000,0.000000,0.000000,0.000000,0.000000,0.000000,0.000000,0.000000,0.000000,0.000000,0.000000,0.000000,0.000000,0.000000,0.000000,0.000000,0.962044,0.000000,0.999425,0.000000,0.000000,0.000000,0.000000,0.000000,0.000000,0.000000,0.000000,0.000000,0.000000,0.000000,0.000000,-0.996953,-0.000000,0.000000
Medulla_1,0.000000,0.000000,0.000000,3.471628,2.342540,-0.278651,-0.002043,-0.005982,-0.009008,-0.002308,-0.003491,1.760057,-0.098416,0.000000,0.000000,0.000000,0.000000,0.000000,0.000000,0.000000,0.000000,0.000000,0.000000,0.000000,0.000000,0.000000,0.000000,0.000000,0.000000,0.000000,0.000000,0.000000,0.000000,0.000000,0.000000,0.000000,0.000000,0.000000,0.000000,0.000000,0.000000,0.000000,0.000000,0.000000,0.000000,0.000000,0.000000,0.000000,0.000000,0.000000,0.000000,0.525630,0.000000,0.000000,0.000000,0.000000,0.000000,0.000000,0.000000,0.000000,0.000000,0.000000,0.000000,0.000000,0.000000,-0.000000,-0.000000,0.000000
Medulla_2,0.000000,0.000000,0.000000,0.000000,0.000000,0.000000,0.000000,0.000000,0.000000,0.000000,0.000000,0.000000,0.000000,0.000000,0.000000,0.000000,0.000000,0.000000,0.000000,0.000000,0.000000,0.000000,0.000000,0.000000,0.000000,0.000000,0.000000,0.000000,0.000000,0.000000,0.000000,0.000000,0.000000,0.000000,0.000000,0.000000,0.000000,0.000000,0.000000,0.000000,0.000000,0.000000,0.000000,0.000000,0.000000,0.000000,0.000000,0.000000,0.000000,0.000000,0.000000,0.000000,0.000000,0.000000,0.000000,0.000000,0.000000,0.000000,0.000000,0.000000,0.000000,0.000000,0.000000,0.000000,0.987125,-0.000000,-0.000000,0.000000
Medulla_3,0.000000,0.000000,0.000000,0.000000,0.000000,0.000000,0.000000,0.000000,0.000000,0.000000,0.000000,0.000000,0.000000,0.000000,0.000000,0.000000,0.000000,0.000000,0.000000,0.000000,0.000000,0.000000,0.000000,0.000000,0.000000,0.000000,0.000000,0.000000,0.000000,0.000000,0.000000,0.000000,0.000000,0.000000,0.000000,0.000000,0.000000,0.000000,0.000000,0.000000,0.000000,0.000000,0.000000,0.000000,0.000000,0.000000,0.000000,0.000000,0.000000,0.000000,0.000000,0.000000,0.000000,0.000000,0.000000,0.000000,0.000000,0.000000,0.000000,0.000000,0.000000,0.000000,0.000000,0.987125,0.000000,-0.000000,-0.280793,0.000000
Output_0,0.000000,0.000000,0.000000,0.000000,0.000000,0.000000,0.000000,0.000000,0.000000,0.000000,0.000000,0.000000,0.000000,0.000000,0.000000,0.000000,0.000000,0.000000,0.000000,0.000000,0.000000,0.000000,0.000000,0.000000,0.000000,0.000000,0.000000,0.000000,0.000000,0.000000,0.000000,0.000000,0.000000,0.000000,0.000000,0.000000,0.000000,0.000000,0.000000,0.000000,0.000000,0.000000,0.000000,0.000000,0.000000,0.000000,0.000000,0.000000,0.000000,0.000000,0.000000,0.000000,0.000000,0.000000,0.000000,0.000000,0.000000,0.000000,0.000000,0.000000,0.000000,0.000000,0.000000,0.999679,0.000000,0.000000,0.000000,0.000000
