,Input_0,Cortex_0,Cortex_1,Cortex_2,Cortex_3,Cortex_4,Cortex_5,Cortex_6,Cortex_7,Cortex_8,Cortex_9,D1_0,D1_1,D1_2,D1_3,D2_0,D2_1,D2_2,D2_3,SNc_0,SNc_1,SNc_2,GPe_0,GPe_1,GPe_2,STN_0,STN_1,STN_2,SNr_0,SNr_1,SNr_2,SNr_3,SNr_4,SNr_5,SC_0,SC_1,SC_2,SC_3,SC_4,SC_5,Thalamus_0,Thalamus_1,Thalamus_2,Thalamus_3,Thalamus_4,Thalamus_5,Thalamus_6,Thalamus_7,Thalamus_8,Thalamus_9,Medulla_0,Medulla_1,Medulla_2,Medulla_3,Output_0
Input_0,0.000000,0.000000,0.000000,0.000000,0.000000,0.000000,0.000000,0.000000,0.000000,0.000000,0.000000,0.000000,0.000000,0.000000,0.000000,0.000000,0.000000,0.000000,0.000000,0.000000,0.000000,0.000000,0.000000,0.000000,0.000000,0.000000,0.000000,0.000000,0.000000,0.000000,0.000000,0.000000,0.000000,0.000000,0.000000,0.000000,0.000000,0.000000,0.000000,0.000000,0.000000,0.000000,0.000000,0.000000,0.000000,0.000000,0.000000,0.000000,0.000000,0.000000,0.000000,0.000000,0.000000,0.000000,0.000000
Cortex_0,-2.262361,1.410670,0.780636,-0.585465,-0.096452,1.046096,0.121458,-0.336843,0.287598,-0.204571,0.447747,0.000000,0.000000,0.000000,0.000000,0.000000,0.000000,0.000000,0.000000,0.000000,0.000000,0.000000,0.000000,0.000000,0.000000,0.000000,0.000000,0.000000,0.000000,0.000000,0.000000,0.000000,0.000000,0.000000,0.000000,0.000000,0.000000,0.000000,0.000000,0.000000,0.010396,0.133478,0.278000,0.089023,0.053842,0.023288,0.047977,0.477451,0.020715,0.013421,0.000000,0.000000,0.000000,0.000000,0.000000
Cortex_1,0.439775,-0.412215,1.184233,-0.464693,-0.480022,0.359827,0.633341,-0.106653,0.092537,0.850120,-0.006930,0.000000,0.000000,0.000000,0.000000,0.000000,0.000000,0.000000,0.000000,0.000000,0.000000,0.000000,0.000000,0.000000,0.000000,0.000000,0.000000,0.000000,0.000000,0.000000,0.000000,0.000000,0.000000,0.000000,0.000000,0.000000,0.000000,0.000000,0.000000,0.000000,0.046428,0.274798,0.050866,0.334610,0.048116,0.363329,0.058116,0.489076,0.050751,0.046188,0.000000,0.000000,0.000000,0.000000,0.000000
Cortex_2,2.294307,-0.545942,-0.538934,0.018892,-0.351873,-0.667610,-0.007199,0.064626,-0.345224,0.472207,-1.436906,0.000000,0.000000,0.000000,0.000000,0.000000,0.000000,0.000000,0.000000,0.000000,0.000000,0.000000,0.000000,0.000000,0.000000,0.000000,0.000000,0.000000,0.000000,0.000000,0.000000,0.000000,0.000000,0.000000,0.000000,0.000000,0.000000,0.000000,0.000000,0.000000,1.061217,0.064075,0.684525,0.007986,0.556688,0.027070,0.570421,0.008248,0.017161,0.114712,0.000000,0.000000,0.000000,0.000000,0.000000
Cortex_3,-2.037920,-0.496029,-0.181488,-0.353801,-0.259743,0.517587,0.343627,0.143786,0.210231,0.281445,-0.451002,0.000000,0.000000,0.000000,0.000000,0.000000,0.000000,0.000000,0.000000,0.000000,0.000000,0.000000,0.000000,0.000000,0.000000,0.000000,0.000000,0.000000,0.000000,0.000000,0.000000,0.000000,0.000000,0.000000,0.000000,0.000000,0.000000,0.000000,0.000000,0.000000,0.100398,0.007276,0.278204,0.027851,0.423172,0.348824,0.678334,0.230060,0.150159,0.021765,0.000000,0.000000,0.000000,0.000000,0.000000
Cortex_4,-3.742641,0.372102,-0.728991,0.163548,0.224095,0.929961,0.297632,-0.129758,0.444558,-0.848741,0.917989,0.000000,0.000000,0.000000,0.000000,0.000000,0.000000,0.000000,0.000000,0.000000,0.000000,0.000000,0.000000,0.000000,0.000000,0.000000,0.000000,0.000000,0.000000,0.000000,0.000000,0.000000,0.000000,0.000000,0.000000,0.000000,0.000000,0.000000,0.000000,0.000000,0.037660,0.304799,0.038535,0.875317,0.026388,0.017220,0.034714,0.440608,0.027610,0.130510,0.000000,0.000000,0.000000,0.000000,0.000000
Cortex_5,2.093972,-0.330603,-0.135745,-0.400077,0.010154,-0.283365,0.925930,-0.531379,0.096211,0.372723,-0.015002,0.000000,0.000000,0.000000,0.000000,0.000000,0.000000,0.000000,0.000000,0.000000,0.000000,0.000000,0.000000,0.000000,0.000000,0.000000,0.000000,0.000000,0.000000,0.000000,0.000000,0.000000,0.000000,0.000000,0.000000,0.000000,0.000000,0.000000,0.000000,0.000000,0.147243,0.071913,0.005746,0.023190,0.207599,0.106383,0.002237,0.601341,0.918148,0.135751,0.000000,0.000000,0.000000,0.000000,0.000000
Cortex_6,1.513093,-0.660264,-0.249327,0.291881,-0.211965,-0.402803,-0.875222,0.479297,-0.206428,0.239878,0.624114,0.000000,0.000000,0.000000,0.000000,0.000000,0.000000,0.000000,0.000000,0.000000,0.000000,0.000000,0.000000,0.000000,0.000000,0.000000,0.000000,0.000000,0.000000,0.000000,0.000000,0.000000,0.000000,0.000000,0.000000,0.000000,0.000000,0.000000,0.000000,0.000000,0.954160,0.027768,0.714354,0.020433,0.468472,0.636239,0.341940,0.083435,0.354136,0.097891,0.000000,0.000000,0.000000,0.000000,0.000000
Cortex_7,-1.710924,-0.275938,0.181597,-0.603764,-0.109692,0.329668,-0.769570,0.161351,-0.477619,-0.864174,0.231755,0.000000,0.000000,0.000000,0.000000,0.000000,0.000000,0.000000,0.000000,0.000000,0.000000,0.000000,0.000000,0.000000,0.000000,0.000000,0.000000,0.000000,0.000000,0.000000,0.000000,0.000000,0.000000,0.000000,0.000000,0.000000,0.000000,0.000000,0.000000,0.000000,0.150423,0.140778,0.173846,0.257397,0.226853,0.172801,0.704627,0.707228,0.233369,0.012945,0.000000,0.000000,0.000000,0.000000,0.000000
Cortex_8,2.222406,-0.410063,0.289322,0.664543,0.272052,-0.910116,-0.168497,0.626316,0.413418,0.612261,-0.107374,0.000000,0.000000,0.000000,0.000000,0.000000,0.000000,0.000000,0.000000,0.000000,0.000000,0.000000,0.000000,0.000000,0.000000,0.000000,0.000000,0.000000,0.000000,0.000000,0.000000,0.000000,0.000000,0.000000,0.000000,0.000000,0.000000,0.000000,0.000000,0.000000,0.285571,0.134992,0.223117,0.012976,0.100159,0.409386,0.067232,0.005833,0.002401,0.084688,0.000000,0.000000,0.000000,0.000000,0.000000
Cortex_9,0.536497,0.599642,-0.664963,-0.700886,-0.347319,0.049262,-0.289412,-0.393938,-0.200912,-1.188458,0.300588,0.000000,0.000000,0.000000,0.000000,0.000000,0.000000,0.000000,0.000000,0.000000,0.000000,0.000000,0.000000,0.000000,0.000000,0.000000,0.000000,0.000000,0.000000,0.000000,0.000000,0.000000,0.000000,0.000000,0.000000,0.000000,0.000000,0.000000,0.000000,0.000000,0.020805,0.101078,0.324538,1.577916,0.117627,0.236967,0.079356,0.898898,0.126550,0.034035,0.000000,0.000000,0.000000,0.000000,0.000000
D1_0,0.000000,0.839116,0.639237,0.078158,0.268610,0.195568,0.089158,0.517589,0.243703,0.555239,0.572742,-0.362514,-0.529771,-0.365646,-0.585684,-1.467534,-0.762324,-0.368903,-1.105962,0.000000,0.000000,0.000000,0.000000,0.000000,0.000000,0.000000,0.000000,0.000000,0.000000,0.000000,0.000000,0.000000,0.000000,0.000000,0.000000,0.000000,0.000000,0.000000,0.000000,0.000000,0.000000,0.000000,0.000000,0.000000,0.000000,0.000000,0.000000,0.000000,0.000000,0.000000,0.000000,0.000000,0.000000,0.000000,0.000000
D1_1,0.000000,0.011320,0.222762,0.916788,0.932079,0.044499,0.070756,0.901014,0.097456,0.785474,0.441629,-0.189123,-0.031067,-0.014788,-0.260583,-0.189629,-0.865867,-0.030662,-0.128278,0.000000,0.000000,0.000000,0.000000,0.000000,0.000000,0.000000,0.000000,0.000000,0.000000,0.000000,0.000000,0.000000,0.000000,0.000000,0.000000,0.000000,0.000000,0.000000,0.000000,0.000000,0.000000,0.000000,0.000000,0.000000,0.000000,0.000000,0.000000,0.000000,0.000000,0.000000,0.000000,0.000000,0.000000,0.000000,0.000000
D1_2,0.000000,0.390498,0.069693,0.739383,0.690555,0.377645,0.123840,0.659036,0.718453,0.478449,0.035064,-0.636093,-0.686305,-0.507455,-0.036172,-0.022355,-0.093832,-0.157569,-0.281323,0.000000,0.000000,0.000000,0.000000,0.000000,0.000000,0.000000,0.000000,0.000000,0.000000,0.000000,0.000000,0.000000,0.000000,0.000000,0.000000,0.000000,0.000000,0.000000,0.000000,0.000000,0.000000,0.000000,0.000000,0.000000,0.000000,0.000000,0.000000,0.000000,0.000000,0.000000,0.000000,0.000000,0.000000,0.000000,0.000000
D1_3,0.000000,0.181683,0.560739,0.173880,0.568986,0.425428,0.131706,1.039234,0.762271,0.283812,0.487453,-0.496670,-0.133524,-0.936428,-0.201071,-0.924652,-0.209481,-0.396507,-0.325278,0.000000,0.000000,0.000000,0.000000,0.000000,0.000000,0.000000,0.000000,0.000000,0.000000,0.000000,0.000000,0.000000,0.000000,0.000000,0.000000,0.000000,0.000000,0.000000,0.000000,0.000000,0.000000,0.000000,0.000000,0.000000,0.000000,0.000000,0.000000,0.000000,0.000000,0.000000,0.000000,0.000000,0.000000,0.000000,0.000000
D2_0,0.000000,0.378686,0.572230,0.615372,0.264732,0.775872,0.082960,0.335429,0.206387,0.547052,0.383142,-0.562856,-0.561658,-1.237424,-0.737931,-0.013392,-0.481207,-0.025627,-1.225059,0.000000,0.000000,0.000000,0.000000,0.000000,0.000000,0.000000,0.000000,0.000000,0.000000,0.000000,0.000000,0.000000,0.000000,0.000000,0.000000,0.000000,0.000000,0.000000,0.000000,0.000000,0.000000,0.000000,0.000000,0.000000,0.000000,0.000000,0.000000,0.000000,0.000000,0.000000,0.000000,0.000000,0.000000,0.000000,0.000000
D2_1,0.000000,0.469449,0.899875,0.250075,0.350961,0.533186,0.299396,0.090647,0.716603,0.157269,0.859533,-0.691886,-0.471092,-0.148038,-0.092653,-0.377586,-0.006127,-0.007017,-0.014515,0.000000,0.000000,0.000000,0.000000,0.000000,0.000000,0.000000,0.000000,0.000000,0.000000,0.000000,0.000000,0.000000,0.000000,0.000000,0.000000,0.000000,0.000000,0.000000,0.000000,0.000000,0.000000,0.000000,0.000000,0.000000,0.000000,0.000000,0.000000,0.000000,0.000000,0.000000,0.000000,0.000000,0.000000,0.000000,0.000000
D2_2,0.000000,0.402329,0.595305,0.478802,0.361290,0.665324,0.122093,0.772558,0.440314,0.221406,0.684478,-0.177037,-0.851078,-0.014298,-0.573147,-0.022235,-0.034031,-0.130052,-0.027790,0.000000,0.000000,0.000000,0.000000,0.000000,0.000000,0.000000,0.000000,0.000000,0.000000,0.000000,0.000000,0.000000,0.000000,0.000000,0.000000,0.000000,0.000000,0.000000,0.000000,0.000000,0.000000,0.000000,0.000000,0.000000,0.000000,0.000000,0.000000,0.000000,0.000000,0.000000,0.000000,0.000000,0.000000,0.000000,0.000000
D2_3,0.000000,0.910026,0.647559,0.753906,0.234432,0.779152,0.253847,0.249459,0.817459,0.068382,0.832084,-0.553439,-0.647553,-0.319209,-0.073011,-0.849218,-0.020401,-0.002081,-0.270942,0.000000,0.000000,0.000000,0.000000,0.000000,0.000000,0.000000,0.000000,0.000000,0.000000,0.000000,0.000000,0.000000,0.000000,0.000000,0.000000,0.000000,0.000000,0.000000,0.000000,0.000000,0.000000,0.000000,0.000000,0.000000,0.000000,0.000000,0.000000,0.000000,0.000000,0.000000,0.000000,0.000000,0.000000,0.000000,0.000000
SNc_0,0.000000,0.180259,0.141048,0.013593,0.000101,0.614952,1.674663,0.136966,0.867756,0.011994,0.460077,-0.029851,-0.371810,-0.054751,-0.021712,-0.881830,-0.419063,-0.781602,-0.415436,0.000000,0.000000,0.000000,0.000000,0.000000,0.000000,0.031181,0.840686,0.648579,0.000000,0.000000,0.000000,0.000000,0.000000,0.000000,0.000000,0.000000,0.000000,0.000000,0.000000,0.000000,0.000000,0.000000,0.000000,0.000000,0.000000,0.000000,0.000000,0.000000,0.000000,0.000000,0.000000,0.000000,0.000000,0.000000,0.000000
SNc_1,0.000000,0.401358,0.492937,0.001627,0.008949,0.556664,1.195882,0.001439,0.529512,0.013237,0.463245,-0.704160,-0.159159,-0.593239,-0.350630,-1.170807,-0.704373,-0.759553,-0.720500,0.000000,0.000000,0.000000,0.000000,0.000000,0.000000,0.074741,1.855581,0.929236,0.000000,0.000000,0.000000,0.000000,0.000000,0.000000,0.000000,0.000000,0.000000,0.000000,0.000000,0.000000,0.000000,0.000000,0.000000,0.000000,0.000000,0.000000,0.000000,0.000000,0.000000,0.000000,0.000000,0.000000,0.000000,0.000000,0.000000
SNc_2,0.000000,0.638078,0.546355,0.003522,0.008623,0.217098,0.908153,0.050720,0.234880,0.503040,0.177712,-0.738477,-0.213548,-0.148205,-0.229838,-0.331378,-1.205375,-0.825652,-0.713129,0.000000,0.000000,0.000000,0.000000,0.000000,0.000000,0.227746,0.466125,0.320260,0.000000,0.000000,0.000000,0.000000,0.000000,0.000000,0.000000,0.000000,0.000000,0.000000,0.000000,0.000000,0.000000,0.000000,0.000000,0.000000,0.000000,0.000000,0.000000,0.000000,0.000000,0.000000,0.000000,0.000000,0.000000,0.000000,0.000000
GPe_0,0.000000,0.000000,0.000000,0.000000,0.000000,0.000000,0.000000,0.000000,0.000000,0.000000,0.000000,0.000000,0.000000,0.000000,0.000000,-0.423034,-0.855603,-0.760299,-0.711012,0.000000,0.000000,0.000000,-0.135501,-0.457907,-0.719713,0.037859,0.203187,0.710654,0.000000,0.000000,0.000000,0.000000,0.000000,0.000000,0.000000,0.000000,0.000000,0.000000,0.000000,0.000000,0.000000,0.000000,0.000000,0.000000,0.000000,0.000000,0.000000,0.000000,0.000000,0.000000,0.000000,0.000000,0.000000,0.000000,0.000000
GPe_1,0.000000,0.000000,0.000000,0.000000,0.000000,0.000000,0.000000,0.000000,0.000000,0.000000,0.000000,0.000000,0.000000,0.000000,0.000000,-0.017549,-0.100193,-0.226747,-1.114220,0.000000,0.000000,0.000000,-1.102582,-0.917612,-0.097202,1.028803,0.838329,0.009421,0.000000,0.000000,0.000000,0.000000,0.000000,0.000000,0.000000,0.000000,0.000000,0.000000,0.000000,0.000000,0.000000,0.000000,0.000000,0.000000,0.000000,0.000000,0.000000,0.000000,0.000000,0.000000,0.000000,0.000000,0.000000,0.000000,0.000000
GPe_2,0.000000,0.000000,0.000000,0.000000,0.000000,0.000000,0.000000,0.000000,0.000000,0.000000,0.000000,0.000000,0.000000,0.000000,0.000000,-0.965472,-0.965113,-0.867768,-0.530359,0.000000,0.000000,0.000000,-0.863859,-0.187893,-0.873572,0.163938,0.896920,0.401593,0.000000,0.000000,0.000000,0.000000,0.000000,0.000000,0.000000,0.000000,0.000000,0.000000,0.000000,0.000000,0.000000,0.000000,0.000000,0.000000,0.000000,0.000000,0.000000,0.000000,0.000000,0.000000,0.000000,0.000000,0.000000,0.000000,0.000000
STN_0,0.000000,0.242280,0.390090,0.688967,0.196925,0.446869,0.217519,0.624427,0.012529,0.398411,0.367688,0.000000,0.000000,0.000000,0.000000,0.000000,0.000000,0.000000,0.000000,0.000000,0.000000,0.000000,-0.191588,-0.010671,-0.117407,0.674262,0.274976,0.520696,0.000000,0.000000,0.000000,0.000000,0.000000,0.000000,0.000000,0.000000,0.000000,0.000000,0.000000,0.000000,0.000000,0.000000,0.000000,0.000000,0.000000,0.000000,0.000000,0.000000,0.000000,0.000000,0.000000,0.000000,0.000000,0.000000,0.000000
STN_1,0.000000,0.027976,0.430403,0.121213,0.007160,0.050259,1.308462,0.109565,0.352639,0.008695,0.585267,0.000000,0.000000,0.000000,0.000000,0.000000,0.000000,0.000000,0.000000,0.000000,0.000000,0.000000,-1.123559,-1.210718,-0.331381,0.013917,0.542579,0.134283,0.000000,0.000000,0.000000,0.000000,0.000000,0.000000,0.000000,0.000000,0.000000,0.000000,0.000000,0.000000,0.000000,0.000000,0.000000,0.000000,0.000000,0.000000,0.000000,0.000000,0.000000,0.000000,0.000000,0.000000,0.000000,0.000000,0.000000
STN_2,0.000000,0.330322,0.051578,0.426582,0.305020,1.227160,1.159928,0.221387,0.199591,0.152604,0.784055,0.000000,0.000000,0.000000,0.000000,0.000000,0.000000,0.000000,0.000000,0.000000,0.000000,0.000000,-0.236528,-1.999540,-0.011462,1.018866,1.007469,0.261426,0.000000,0.000000,0.000000,0.000000,0.000000,0.000000,0.000000,0.000000,0.000000,0.000000,0.000000,0.000000,0.000000,0.000000,0.000000,0.000000,0.000000,0.000000,0.000000,0.000000,0.000000,0.000000,0.000000,0.000000,0.000000,0.000000,0.000000
SNr_0,0.000000,0.000000,0.000000,0.000000,0.000000,0.000000,0.000000,0.000000,0.000000,0.000000,0.000000,-0.814095,-0.271435,-0.651681,-0.585390,0.000000,0.000000,0.000000,0.000000,0.000000,0.000000,0.000000,-0.545174,-0.126466,-0.037112,1.177602,0.416309,0.513410,0.000000,0.000000,0.000000,0.000000,0.000000,0.000000,0.000000,0.000000,0.000000,0.000000,0.000000,0.000000,0.000000,0.000000,0.000000,0.000000,0.000000,0.000000,0.000000,0.000000,0.000000,0.000000,0.000000,0.000000,0.000000,0.000000,0.000000
SNr_1,0.000000,0.000000,0.000000,0.000000,0.000000,0.000000,0.000000,0.000000,0.000000,0.000000,0.000000,-0.851836,-0.980400,-0.981759,-0.835599,0.000000,0.000000,0.000000,0.000000,0.000000,0.000000,0.000000,-0.009486,-0.304471,-0.132541,0.326205,0.729163,0.043821,0.000000,0.000000,0.000000,0.000000,0.000000,0.000000,0.000000,0.000000,0.000000,0.000000,0.000000,0.000000,0.000000,0.000000,0.000000,0.000000,0.000000,0.000000,0.000000,0.000000,0.000000,0.000000,0.000000,0.000000,0.000000,0.000000,0.000000
SNr_2,0.000000,0.000000,0.000000,0.000000,0.000000,0.000000,0.000000,0.000000,0.000000,0.000000,0.000000,-0.306734,-0.704269,-0.486398,-0.370653,0.000000,0.000000,0.000000,0.000000,0.000000,0.000000,0.000000,-0.566319,-0.356985,-0.746508,0.323589,0.118054,0.513355,0.000000,0.000000,0.000000,0.000000,0.000000,0.000000,0.000000,0.000000,0.000000,0.000000,0.000000,0.000000,0.000000,0.000000,0.000000,0.000000,0.000000,0.000000,0.000000,0.000000,0.000000,0.000000,0.000000,0.000000,0.000000,0.000000,0.000000
SNr_3,0.000000,0.000000,0.000000,0.000000,0.000000,0.000000,0.000000,0.000000,0.000000,0.000000,0.000000,-0.239080,-1.199142,-0.516335,-0.453989,0.000000,0.000000,0.000000,0.000000,0.000000,0.000000,0.000000,-1.310439,-0.019144,-0.590334,0.608370,0.399107,0.660795,0.000000,0.000000,0.000000,0.000000,0.000000,0.000000,0.000000,0.000000,0.000000,0.000000,0.000000,0.000000,0.000000,0.000000,0.000000,0.000000,0.000000,0.000000,0.000000,0.000000,0.000000,0.000000,0.000000,0.000000,0.000000,0.000000,0.000000
SNr_4,0.000000,0.000000,0.000000,0.000000,0.000000,0.000000,0.000000,0.000000,0.000000,0.000000,0.000000,-0.355269,-0.243393,-0.764377,-0.498149,0.000000,0.000000,0.000000,0.000000,0.000000,0.000000,0.000000,-0.403574,-1.419098,-0.241731,0.298382,0.002597,0.695749,0.000000,0.000000,0.000000,0.000000,0.000000,0.000000,0.000000,0.000000,0.000000,0.000000,0.000000,0.000000,0.000000,0.000000,0.000000,0.000000,0.000000,0.000000,0.000000,0.000000,0.000000,0.000000,0.000000,0.000000,0.000000,0.000000,0.000000
SNr_5,0.000000,0.000000,0.000000,0.000000,0.000000,0.000000,0.000000,0.000000,0.000000,0.000000,0.000000,-0.582132,-0.397905,-0.202966,-0.383903,0.000000,0.000000,0.000000,0.000000,0.000000,0.000000,0.000000,-0.418491,-0.033660,-0.194867,0.533203,0.237230,0.464062,0.000000,0.000000,0.000000,0.000000,0.000000,0.000000,0.000000,0.000000,0.000000,0.000000,0.000000,0.000000,0.000000,0.000000,0.000000,0.000000,0.000000,0.000000,0.000000,0.000000,0.000000,0.000000,0.000000,0.000000,0.000000,0.000000,0.000000
SC_0,0.000000,0.025475,0.044574,0.041919,0.831958,0.071253,0.074005,0.017409,0.275657,0.036453,0.049343,0.000000,0.000000,0.000000,0.000000,0.000000,0.000000,0.000000,0.000000,0.000000,0.000000,0.000000,0.000000,0.000000,0.000000,0.000000,0.000000,0.000000,-0.761495,-1.143488,-0.919550,-0.747953,-0.077265,-1.064229,0.861777,-0.579263,0.457661,-0.206283,-0.664387,0.570416,0.000000,0.000000,0.000000,0.000000,0.000000,0.000000,0.000000,0.000000,0.000000,0.000000,0.000000,0.000000,0.000000,0.000000,0.000000
SC_1,0.000000,0.011834,0.011877,0.038085,0.028296,0.010797,0.262921,0.021315,0.260869,0.261502,0.050936,0.000000,0.000000,0.000000,0.000000,0.000000,0.000000,0.000000,0.000000,0.000000,0.000000,0.000000,0.000000,0.000000,0.000000,0.000000,0.000000,0.000000,-0.550653,-0.725007,-0.183179,-0.673656,-0.351375,-0.209033,-0.217113,-0.157486,-0.188727,-0.076164,-0.459928,-0.542740,0.000000,0.000000,0.000000,0.000000,0.000000,0.000000,0.000000,0.000000,0.000000,0.000000,0.000000,0.000000,0.000000,0.000000,0.000000
SC_2,0.000000,0.347159,0.053752,0.090398,0.205078,0.101593,0.072491,0.027438,0.369388,0.058682,0.192728,0.000000,0.000000,0.000000,0.000000,0.000000,0.000000,0.000000,0.000000,0.000000,0.000000,0.000000,0.000000,0.000000,0.000000,0.000000,0.000000,0.000000,-1.083712,-0.547395,-1.008147,-0.361513,-0.214193,-0.840585,0.783129,0.350129,1.147061,-1.290025,-0.844145,0.556432,0.000000,0.000000,0.000000,0.000000,0.000000,0.000000,0.000000,0.000000,0.000000,0.000000,0.000000,0.000000,0.000000,0.000000,0.000000
SC_3,0.000000,0.053786,0.033957,0.181658,0.059675,0.176321,0.149841,0.066529,0.247364,0.061202,0.147664,0.000000,0.000000,0.000000,0.000000,0.000000,0.000000,0.000000,0.000000,0.000000,0.000000,0.000000,0.000000,0.000000,0.000000,0.000000,0.000000,0.000000,-0.248769,-1.029175,-0.943934,-0.527811,-0.100540,-0.535053,-1.677446,-0.186620,-0.888456,1.060477,0.707407,-0.363342,0.000000,0.000000,0.000000,0.000000,0.000000,0.000000,0.000000,0.000000,0.000000,0.000000,0.000000,0.000000,0.000000,0.000000,0.000000
SC_4,0.000000,0.287029,0.410792,0.397857,0.163532,0.633345,0.600309,0.028976,0.531895,0.031993,0.543593,0.000000,0.000000,0.000000,0.000000,0.000000,0.000000,0.000000,0.000000,0.000000,0.000000,0.000000,0.000000,0.000000,0.000000,0.000000,0.000000,0.000000,-0.032672,-0.942732,-0.244697,-0.664624,-0.409419,-0.063466,-0.508135,0.019495,-0.458916,0.419320,1.093854,0.382589,0.000000,0.000000,0.000000,0.000000,0.000000,0.000000,0.000000,0.000000,0.000000,0.000000,0.000000,0.000000,0.000000,0.000000,0.000000
SC_5,0.000000,0.067776,0.055856,0.074036,0.658243,0.436960,0.013777,0.044872,0.249594,0.353462,0.286525,0.000000,0.000000,0.000000,0.000000,0.000000,0.000000,0.000000,0.000000,0.000000,0.000000,0.000000,0.000000,0.000000,0.000000,0.000000,0.000000,0.000000,-0.258961,-0.669770,-0.218030,-0.819963,-0.105910,-0.587029,-0.095325,0.202953,0.608404,-0.288399,0.752273,-0.513353,0.000000,0.000000,0.000000,0.000000,0.000000,0.000000,0.000000,0.000000,0.000000,0.000000,0.000000,0.000000,0.000000,0.000000,0.000000
Thalamus_0,0.000000,0.089170,0.346754,0.646740,0.344906,0.009284,0.311334,0.358514,0.119054,0.183089,0.010700,0.000000,0.000000,0.000000,0.000000,0.000000,0.000000,0.000000,0.000000,0.000000,0.000000,0.000000,0.000000,0.000000,0.000000,0.000000,0.000000,0.000000,-0.500466,-0.564400,-0.084517,-0.170301,-0.118221,-0.312650,0.095288,0.119293,0.190931,0.309098,0.030254,0.069646,0.617517,-0.188596,0.684815,0.118848,0.731891,0.120988,0.093761,-0.616404,-0.096928,0.207260,0.000000,0.000000,0.000000,0.000000,0.000000
Thalamus_1,0.000000,0.001891,0.062001,0.002869,0.000592,0.000444,0.001469,0.430789,0.072417,0.001980,0.042718,0.000000,0.000000,0.000000,0.000000,0.000000,0.000000,0.000000,0.000000,0.000000,0.000000,0.000000,0.000000,0.000000,0.000000,0.000000,0.000000,0.000000,-1.009781,-0.387725,-0.645215,-0.589252,-0.549781,-0.694653,0.033426,0.000775,0.039483,0.007380,0.003072,0.000885,0.047889,-0.044100,-0.138991,-1.007504,-0.804908,0.156101,0.058525,0.081165,-0.570275,0.269127,0.000000,0.000000,0.000000,0.000000,0.000000
Thalamus_2,0.000000,0.178766,0.180887,0.131571,0.332037,0.010248,0.317511,0.262291,0.059128,0.120493,0.009680,0.000000,0.000000,0.000000,0.000000,0.000000,0.000000,0.000000,0.000000,0.000000,0.000000,0.000000,0.000000,0.000000,0.000000,0.000000,0.000000,0.000000,-0.148795,-0.976218,-0.190151,-0.336893,-0.317107,-0.250483,0.440491,0.072654,0.221792,0.109618,0.842984,0.075437,0.085297,-0.284792,0.771941,-0.194084,0.244438,-0.136565,0.800538,-1.343136,-0.268644,-0.245223,0.000000,0.000000,0.000000,0.000000,0.000000
Thalamus_3,0.000000,0.647403,0.192761,0.015002,0.034752,0.374380,0.197694,0.027295,0.687907,0.021411,0.303157,0.000000,0.000000,0.000000,0.000000,0.000000,0.000000,0.000000,0.000000,0.000000,0.000000,0.000000,0.000000,0.000000,0.000000,0.000000,0.000000,0.000000,-0.157333,-0.187715,-0.287105,-0.980051,-0.403789,-0.080047,0.022436,0.302660,0.020042,0.194507,0.934174,0.492754,-0.503990,-0.274520,-0.855585,0.489154,-0.658461,-0.004237,0.221877,-0.308867,-0.679338,0.198881,0.000000,0.000000,0.000000,0.000000,0.000000
Thalamus_4,0.000000,0.072005,0.265360,0.287918,0.158963,0.014584,0.835162,0.159166,0.032503,0.248727,0.326565,0.000000,0.000000,0.000000,0.000000,0.000000,0.000000,0.000000,0.000000,0.000000,0.000000,0.000000,0.000000,0.000000,0.000000,0.000000,0.000000,0.000000,-0.127080,-0.181569,-0.410765,-0.189484,-0.135765,-0.794004,0.065872,0.089437,0.725396,0.268131,0.159433,0.128676,0.301943,-0.332367,0.583754,-0.342532,0.677518,-0.033559,0.474620,-0.105079,0.160632,0.143701,0.000000,0.000000,0.000000,0.000000,0.000000
Thalamus_5,0.000000,0.178173,0.436893,0.012408,0.130832,0.102154,0.011732,0.060848,0.626582,0.023231,0.425422,0.000000,0.000000,0.000000,0.000000,0.000000,0.000000,0.000000,0.000000,0.000000,0.000000,0.000000,0.000000,0.000000,0.000000,0.000000,0.000000,0.000000,-1.542558,-0.310297,-0.436163,-1.523920,-0.041961,-0.734536,0.402827,0.289978,0.831630,0.170087,0.017622,0.229928,0.400853,-0.430106,-0.120283,-0.395956,0.000213,-0.139802,-0.814211,0.141260,0.233835,0.586291,0.000000,0.000000,0.000000,0.000000,0.000000
Thalamus_6,0.000000,0.021113,0.057445,0.161378,0.338063,0.021674,0.348724,0.503595,0.242250,0.158175,0.016537,0.000000,0.000000,0.000000,0.000000,0.000000,0.000000,0.000000,0.000000,0.000000,0.000000,0.000000,0.000000,0.000000,0.000000,0.000000,0.000000,0.000000,-0.353720,-0.697834,-0.688850,-1.174270,-0.147877,-0.161659,0.899411,0.161466,0.170637,0.543636,0.262559,0.587902,0.441007,0.230366,-0.212272,-0.075333,0.139317,0.000369,-0.501249,0.347120,-0.350522,-0.237595,0.000000,0.000000,0.000000,0.000000,0.000000
Thalamus_7,0.000000,0.394018,0.272203,0.068370,0.079977,0.356824,0.155416,0.053902,1.190436,0.063400,0.613730,0.000000,0.000000,0.000000,0.000000,0.000000,0.000000,0.000000,0.000000,0.000000,0.000000,0.000000,0.000000,0.000000,0.000000,0.000000,0.000000,0.000000,-0.751248,-0.356038,-0.615191,-0.147432,-0.192271,-0.343719,0.403146,0.025170,0.139106,0.141297,0.738384,0.114008,-0.536064,-0.273540,-0.499037,0.277682,0.062955,-0.134067,-0.608662,0.589250,-0.102242,-0.538487,0.000000,0.000000,0.000000,0.000000,0.000000
Thalamus_8,0.000000,0.071212,0.271813,0.081968,0.251480,0.267781,0.113010,0.030682,0.369016,0.044344,0.208742,0.000000,0.000000,0.000000,0.000000,0.000000,0.000000,0.000000,0.000000,0.000000,0.000000,0.000000,0.000000,0.000000,0.000000,0.000000,0.000000,0.000000,-0.263242,-0.473699,-0.626724,-0.429690,-0.122082,-0.493601,0.969024,0.162847,0.595679,0.008399,0.081010,0.690291,-0.378776,-0.069896,-0.473680,-0.081890,0.164731,-0.126723,-0.802486,0.266510,0.404685,-0.209442,0.000000,0.000000,0.000000,0.000000,0.000000
Thalamus_9,0.000000,0.318103,0.173270,0.006453,0.357588,0.019869,0.164264,0.086686,0.047463,0.037127,0.011500,0.000000,0.000000,0.000000,0.000000,0.000000,0.000000,0.000000,0.000000,0.000000,0.000000,0.000000,0.000000,0.000000,0.000000,0.000000,0.000000,0.000000,-0.687983,-0.626116,-0.272150,-0.602727,-0.545591,-0.261993,0.025329,0.082828,0.057737,0.049601,0.192711,0.011829,-0.400800,-0.910924,-0.242879,-0.080831,-0.648125,-0.649911,0.195570,-0.953638,0.594036,0.156916,0.000000,0.000000,0.000000,0.000000,0.000000
Medulla_0,0.000000,0.000143,0.014993,0.007466,-0.018465,-0.004322,0.018339,-0.011284,0.136012,-0.000287,-0.004015,0.000000,0.000000,0.000000,0.000000,0.000000,0.000000,0.000000,0.000000,0.000000,0.000000,0.000000,0.000000,0.000000,0.000000,0.000000,0.000000,0.000000,0.000000,0.000000,0.000000,0.000000,0.000000,0.000000,1.101627,0.018185,2.298308,0.000173,0.028525,0.024284,0.000000,0.000000,0.000000,0.000000,0.000000,0.000000,0.000000,0.000000,0.000000,0.000000,0.059048,0.000078,-2.589810,-0.625401,0.000000
Medulla_1,0.000000,-0.472315,0.039494,-0.000588,-0.001366,0.027273,0.011505,-0.004247,0.009135,0.467841,0.032072,0.000000,0.000000,0.000000,0.000000,0.000000,0.000000,0.000000,0.000000,0.000000,0.000000,0.000000,0.000000,0.000000,0.000000,0.000000,0.000000,0.000000,0.000000,0.000000,0.000000,0.000000,0.000000,0.000000,0.001370,0.043099,0.000172,0.014014,0.000512,0.000334,0.000000,0.000000,0.000000,0.000000,0.000000,0.000000,0.000000,0.000000,0.000000,0.000000,0.000078,0.000403,-0.625401,-0.624207,0.000000
Medulla_2,0.000000,0.000000,0.000000,0.000000,0.000000,0.000000,0.000000,0.000000,0.000000,0.000000,0.000000,0.000000,0.000000,0.000000,0.000000,0.000000,0.000000,0.000000,0.000000,0.000000,0.000000,0.000000,0.000000,0.000000,0.000000,0.000000,0.000000,0.000000,0.000000,0.000000,0.000000,0.000000,0.000000,0.000000,0.000000,0.000000,0.000000,0.000000,0.000000,0.000000,0.000000,0.000000,0.000000,0.000000,0.000000,0.000000,0.000000,0.000000,0.000000,0.000000,0.000268,3.525101,-0.000026,-0.585286,0.000000
Medulla_3,0.000000,0.000000,0.000000,0.000000,0.000000,0.000000,0.000000,0.000000,0.000000,0.000000,0.000000,0.000000,0.000000,0.000000,0.000000,0.000000,0.000000,0.000000,0.000000,0.000000,0.000000,0.000000,0.000000,0.000000,0.000000,0.000000,0.000000,0.000000,0.000000,0.000000,0.000000,0.000000,0.000000,0.000000,0.000000,0.000000,0.000000,0.000000,0.000000,0.000000,0.000000,0.000000,0.000000,0.000000,0.000000,0.000000,0.000000,0.000000,0.000000,0.000000,3.525101,0.166815,-0.585286,-0.390855,0.000000
Output_0,0.000000,0.000000,0.000000,0.000000,0.000000,0.000000,0.000000,0.000000,0.000000,0.000000,0.000000,0.000000,0.000000,0.000000,0.000000,0.000000,0.000000,0.000000,0.000000,0.000000,0.000000,0.000000,0.000000,0.000000,0.000000,0.000000,0.000000,0.000000,0.000000,0.000000,0.000000,0.000000,0.000000,0.000000,0.000000,0.000000,0.000000,0.000000,0.000000,0.000000,0.000000,0.000000,0.000000,0.000000,0.000000,0.000000,0.000000,0.000000,0.000000,0.000000,0.477655,0.000042,0.000000,0.000000,0.000000
