,Input_0,Input_1,Adenosine_0,Cortex_0,Cortex_1,Cortex_2,Cortex_3,Cortex_4,Cortex_5,Cortex_6,Cortex_7,Cortex_8,Cortex_9,Cortex_10,Cortex_11,Cortex_12,Cortex_13,Cortex_14,Cortex_15,Cortex_16,Cortex_17,Cortex_18,Cortex_19,Cortex_20,Cortex_21,Cortex_22,Cortex_23,D1_0,D1_1,D1_2,D1_3,D1_4,D1_5,D1_6,D1_7,D2_0,D2_1,D2_2,D2_3,D2_4,D2_5,D2_6,D2_7,SNc_0,SNc_1,SNc_2,SNc_3,GPe_0,GPe_1,GPe_2,GPe_3,GPe_4,GPe_5,STN_0,STN_1,STN_2,STN_3,STN_4,STN_5,SNr_0,SNr_1,SNr_2,SNr_3,SNr_4,SNr_5,Thalamus_0,Thalamus_1,Thalamus_2,Thalamus_3,Thalamus_4,Thalamus_5,Thalamus_6,Thalamus_7,Thalamus_8,Thalamus_9,Thalamus_10,Thalamus_11,Thalamus_12,Medulla_0,Medulla_1,Medulla_2,Medulla_3,Output_0
Input_0,0.000000,0.000000,0.000000,0.000000,0.000000,0.000000,0.000000,0.000000,0.000000,0.000000,0.000000,0.000000,0.000000,0.000000,0.000000,0.000000,0.000000,0.000000,0.000000,0.000000,0.000000,0.000000,0.000000,0.000000,0.000000,0.000000,0.000000,0.000000,0.000000,0.000000,0.000000,0.000000,0.000000,0.000000,0.000000,0.000000,0.000000,0.000000,0.000000,0.000000,0.000000,0.000000,0.000000,0.000000,0.000000,0.000000,0.000000,0.000000,0.000000,0.000000,0.000000,0.000000,0.000000,0.000000,0.000000,0.000000,0.000000,0.000000,0.000000,0.000000,0.000000,0.000000,0.000000,0.000000,0.000000,0.000000,0.000000,0.000000,0.000000,0.000000,0.000000,0.000000,0.000000,0.000000,0.000000,0.000000,0.000000,0.000000,0.000000,0.000000,0.000000,0.000000,0.000000
Input_1,0.000000,0.000000,0.000000,0.000000,0.000000,0.000000,0.000000,0.000000,0.000000,0.000000,0.000000,0.000000,0.000000,0.000000,0.000000,0.000000,0.000000,0.000000,0.000000,0.000000,0.000000,0.000000,0.000000,0.000000,0.000000,0.000000,0.000000,0.000000,0.000000,0.000000,0.000000,0.000000,0.000000,0.000000,0.000000,0.000000,0.000000,0.000000,0.000000,0.000000,0.000000,0.000000,0.000000,0.000000,0.000000,0.000000,0.000000,0.000000,0.000000,0.000000,0.000000,0.000000,0.000000,0.000000,0.000000,0.000000,0.000000,0.000000,0.000000,0.000000,0.000000,0.000000,0.000000,0.000000,0.000000,0.000000,0.000000,0.000000,0.000000,0.000000,0.000000,0.000000,0.000000,0.000000,0.000000,0.000000,0.000000,0.000000,0.000000,0.000000,0.000000,0.000000,0.000000
Adenosine_0,0.000000,0.000000,0.000000,0.000000,0.000000,0.000000,0.000000,0.000000,0.000000,0.000000,0.000000,0.000000,0.000000,0.000000,0.000000,0.000000,0.000000,0.000000,0.000000,0.000000,0.000000,0.000000,0.000000,0.000000,0.000000,0.000000,0.000000,0.000000,0.000000,0.000000,0.000000,0.000000,0.000000,0.000000,0.000000,0.000000,0.000000,0.000000,0.000000,0.000000,0.000000,0.000000,0.000000,0.000000,0.000000,0.000000,0.000000,0.000000,0.000000,0.000000,0.000000,0.000000,0.000000,0.000000,0.000000,0.000000,0.000000,0.000000,0.000000,0.000000,0.000000,0.000000,0.000000,0.000000,0.000000,0.000000,0.000000,0.000000,0.000000,0.000000,0.000000,0.000000,0.000000,0.000000,0.000000,0.000000,0.000000,0.000000,0.000000,0.000000,0.000000,0.000000,0.000000
Cortex_0,-0.317795,-2.269919,0.000000,0.389918,0.384134,0.323656,0.234619,0.344208,0.292392,0.429050,0.309096,0.313766,0.255440,0.267126,0.237020,0.152849,0.361319,0.122581,0.350996,0.271325,0.165307,0.131490,0.098194,-0.555911,-0.437824,-0.581586,-0.705148,0.000000,0.000000,0.000000,0.000000,0.000000,0.000000,0.000000,0.000000,0.000000,0.000000,0.000000,0.000000,0.000000,0.000000,0.000000,0.000000,0.000000,0.000000,0.000000,0.000000,0.000000,0.000000,0.000000,0.000000,0.000000,0.000000,0.000000,0.000000,0.000000,0.000000,0.000000,0.000000,0.000000,0.000000,0.000000,0.000000,0.000000,0.000000,0.106093,0.196984,0.109065,0.131553,0.112947,0.136975,0.180064,0.173387,0.173487,0.139805,0.000000,0.000000,0.000000,0.000000,0.000000,0.000000,0.000000,0.000000
Cortex_1,0.246529,-0.173538,0.000000,0.238232,0.689601,0.273661,0.529068,0.430172,0.410799,0.385273,0.249015,0.665446,0.410525,0.293656,0.383933,0.419851,0.342995,0.231560,0.327486,0.379331,0.320817,0.381053,0.550859,-0.440665,-0.382263,-0.259024,-0.242073,0.000000,0.000000,0.000000,0.000000,0.000000,0.000000,0.000000,0.000000,0.000000,0.000000,0.000000,0.000000,0.000000,0.000000,0.000000,0.000000,0.000000,0.000000,0.000000,0.000000,0.000000,0.000000,0.000000,0.000000,0.000000,0.000000,0.000000,0.000000,0.000000,0.000000,0.000000,0.000000,0.000000,0.000000,0.000000,0.000000,0.000000,0.000000,0.283794,0.239730,0.358542,0.229138,0.269676,0.482569,0.440412,0.346981,0.373038,0.389495,0.000000,0.000000,0.000000,0.000000,0.000000,0.000000,0.000000,0.000000
Cortex_2,0.317866,1.384024,0.000000,0.262935,0.305519,0.280898,0.345265,0.290240,0.390023,0.321239,0.459351,0.410205,0.231024,0.260324,0.223597,0.211274,0.340591,0.157396,0.344825,0.238486,0.211737,0.193490,0.258598,-0.548415,-0.697011,-0.676105,-0.617203,0.000000,0.000000,0.000000,0.000000,0.000000,0.000000,0.000000,0.000000,0.000000,0.000000,0.000000,0.000000,0.000000,0.000000,0.000000,0.000000,0.000000,0.000000,0.000000,0.000000,0.000000,0.000000,0.000000,0.000000,0.000000,0.000000,0.000000,0.000000,0.000000,0.000000,0.000000,0.000000,0.000000,0.000000,0.000000,0.000000,0.000000,0.000000,0.080442,0.161416,0.132965,0.152702,0.226104,0.289438,0.095566,0.130971,0.185072,0.142338,0.000000,0.000000,0.000000,0.000000,0.000000,0.000000,0.000000,0.000000
Cortex_3,-1.951052,-1.191354,0.000000,0.243158,0.560931,0.294018,0.537099,0.512866,0.423077,0.426427,0.351704,0.641040,0.390009,0.522605,0.486214,0.341092,0.306928,0.383640,0.317937,0.340591,0.440206,0.311436,0.366626,-0.366374,-0.288013,-0.283139,-0.187384,0.000000,0.000000,0.000000,0.000000,0.000000,0.000000,0.000000,0.000000,0.000000,0.000000,0.000000,0.000000,0.000000,0.000000,0.000000,0.000000,0.000000,0.000000,0.000000,0.000000,0.000000,0.000000,0.000000,0.000000,0.000000,0.000000,0.000000,0.000000,0.000000,0.000000,0.000000,0.000000,0.000000,0.000000,0.000000,0.000000,0.000000,0.000000,0.306484,0.361696,0.283525,0.206769,0.278283,0.340367,0.460328,0.351369,0.307881,0.405224,0.000000,0.000000,0.000000,0.000000,0.000000,0.000000,0.000000,0.000000
Cortex_4,-1.117027,-3.496782,0.000000,0.209351,0.330118,0.456129,0.469851,0.317242,0.318050,0.422522,0.227400,0.383206,0.317951,0.368077,0.514782,0.341051,0.242204,0.302695,0.281854,0.269339,0.368853,0.368157,0.355414,-0.583427,-0.679329,-0.580543,-0.433869,0.000000,0.000000,0.000000,0.000000,0.000000,0.000000,0.000000,0.000000,0.000000,0.000000,0.000000,0.000000,0.000000,0.000000,0.000000,0.000000,0.000000,0.000000,0.000000,0.000000,0.000000,0.000000,0.000000,0.000000,0.000000,0.000000,0.000000,0.000000,0.000000,0.000000,0.000000,0.000000,0.000000,0.000000,0.000000,0.000000,0.000000,0.000000,0.114700,0.109149,0.161337,0.206490,0.125190,0.186469,0.161881,0.145809,0.213624,0.209812,0.000000,0.000000,0.000000,0.000000,0.000000,0.000000,0.000000,0.000000
Cortex_5,0.547652,0.549229,0.000000,0.264330,0.324167,0.278220,0.365684,0.241953,0.347967,0.331606,0.268839,0.460440,0.366538,0.125954,0.188534,0.237290,0.339511,0.175714,0.154473,0.208907,0.231439,0.207288,0.151710,-0.502827,-0.644611,-0.658470,-0.773271,0.000000,0.000000,0.000000,0.000000,0.000000,0.000000,0.000000,0.000000,0.000000,0.000000,0.000000,0.000000,0.000000,0.000000,0.000000,0.000000,0.000000,0.000000,0.000000,0.000000,0.000000,0.000000,0.000000,0.000000,0.000000,0.000000,0.000000,0.000000,0.000000,0.000000,0.000000,0.000000,0.000000,0.000000,0.000000,0.000000,0.000000,0.000000,0.149315,0.208154,0.168264,0.122480,0.165989,0.225013,0.142238,0.095549,0.109594,0.145319,0.000000,0.000000,0.000000,0.000000,0.000000,0.000000,0.000000,0.000000
Cortex_6,-0.263637,0.838092,0.000000,0.195037,0.294508,0.339837,0.295906,0.214831,0.204024,0.383416,0.249224,0.321227,0.506513,0.275834,0.299346,0.261965,0.271130,0.172863,0.202964,0.188121,0.204527,0.288242,0.264394,-0.692239,-0.324876,-0.485287,-0.723369,0.000000,0.000000,0.000000,0.000000,0.000000,0.000000,0.000000,0.000000,0.000000,0.000000,0.000000,0.000000,0.000000,0.000000,0.000000,0.000000,0.000000,0.000000,0.000000,0.000000,0.000000,0.000000,0.000000,0.000000,0.000000,0.000000,0.000000,0.000000,0.000000,0.000000,0.000000,0.000000,0.000000,0.000000,0.000000,0.000000,0.000000,0.000000,0.190646,0.139875,0.139527,0.102310,0.110805,0.275032,0.134006,0.114898,0.090540,0.182891,0.000000,0.000000,0.000000,0.000000,0.000000,0.000000,0.000000,0.000000
Cortex_7,-0.027551,-2.257588,0.000000,0.331605,0.314757,0.284121,0.311462,0.384977,0.176950,0.442067,0.270589,0.196579,0.451621,0.315413,0.285458,0.258509,0.304736,0.104781,0.178382,0.190591,0.204899,0.139050,0.132545,-0.475555,-0.496255,-0.595422,-0.747995,0.000000,0.000000,0.000000,0.000000,0.000000,0.000000,0.000000,0.000000,0.000000,0.000000,0.000000,0.000000,0.000000,0.000000,0.000000,0.000000,0.000000,0.000000,0.000000,0.000000,0.000000,0.000000,0.000000,0.000000,0.000000,0.000000,0.000000,0.000000,0.000000,0.000000,0.000000,0.000000,0.000000,0.000000,0.000000,0.000000,0.000000,0.000000,0.096132,0.112059,0.172563,0.111519,0.203055,0.152761,0.240145,0.155174,0.225639,0.127718,0.000000,0.000000,0.000000,0.000000,0.000000,0.000000,0.000000,0.000000
Cortex_8,-2.068547,0.330351,0.000000,0.333164,0.602907,0.436804,0.681250,0.259177,0.342305,0.454301,0.531538,0.639641,0.501308,0.476617,0.446740,0.212007,0.266361,0.436786,0.425343,0.313378,0.294431,0.432583,0.344097,-0.220655,-0.298247,-0.227307,-0.391096,0.000000,0.000000,0.000000,0.000000,0.000000,0.000000,0.000000,0.000000,0.000000,0.000000,0.000000,0.000000,0.000000,0.000000,0.000000,0.000000,0.000000,0.000000,0.000000,0.000000,0.000000,0.000000,0.000000,0.000000,0.000000,0.000000,0.000000,0.000000,0.000000,0.000000,0.000000,0.000000,0.000000,0.000000,0.000000,0.000000,0.000000,0.000000,0.294854,0.358711,0.301603,0.260161,0.347970,0.322226,0.354498,0.332824,0.405365,0.461825,0.000000,0.000000,0.000000,0.000000,0.000000,0.000000,0.000000,0.000000
Cortex_9,0.467640,1.162204,0.000000,0.368630,0.276303,0.275190,0.226379,0.243557,0.315603,0.350189,0.231189,0.209451,0.378405,0.239873,0.290110,0.203698,0.200260,0.224788,0.119656,0.200037,0.237262,0.193913,0.241580,-0.436245,-0.392859,-0.632874,-0.715461,0.000000,0.000000,0.000000,0.000000,0.000000,0.000000,0.000000,0.000000,0.000000,0.000000,0.000000,0.000000,0.000000,0.000000,0.000000,0.000000,0.000000,0.000000,0.000000,0.000000,0.000000,0.000000,0.000000,0.000000,0.000000,0.000000,0.000000,0.000000,0.000000,0.000000,0.000000,0.000000,0.000000,0.000000,0.000000,0.000000,0.000000,0.000000,0.119126,0.120579,0.097947,0.278211,0.169927,0.353637,0.114294,0.144257,0.116278,0.161198,0.000000,0.000000,0.000000,0.000000,0.000000,0.000000,0.000000,0.000000
Cortex_10,1.058830,-4.976979,0.000000,0.198046,0.109922,0.173655,0.091044,0.151300,0.153780,0.215438,0.213927,0.162566,0.158811,0.470689,0.468709,0.198234,0.440060,0.572304,0.459410,0.490762,0.335088,0.234495,0.504241,-0.810380,-0.687419,-0.839493,-0.652225,0.000000,0.000000,0.000000,0.000000,0.000000,0.000000,0.000000,0.000000,0.000000,0.000000,0.000000,0.000000,0.000000,0.000000,0.000000,0.000000,0.000000,0.000000,0.000000,0.000000,0.000000,0.000000,0.000000,0.000000,0.000000,0.000000,0.000000,0.000000,0.000000,0.000000,0.000000,0.000000,0.000000,0.000000,0.000000,0.000000,0.000000,0.000000,0.000000,0.000000,0.000000,0.000000,0.000000,0.000000,0.000000,0.000000,0.000000,0.000000,0.000000,0.000000,0.000000,0.000000,0.000000,0.000000,0.000000,0.000000
Cortex_11,-2.326849,-6.877775,0.000000,0.338559,0.110912,0.292725,0.174241,0.256619,0.232189,0.360892,0.381900,0.167078,0.264287,0.694457,0.684953,0.462250,0.790650,0.742528,0.576721,0.696825,0.446100,0.412088,0.734332,-0.754978,-0.775383,-0.846885,-0.875632,0.000000,0.000000,0.000000,0.000000,0.000000,0.000000,0.000000,0.000000,0.000000,0.000000,0.000000,0.000000,0.000000,0.000000,0.000000,0.000000,0.000000,0.000000,0.000000,0.000000,0.000000,0.000000,0.000000,0.000000,0.000000,0.000000,0.000000,0.000000,0.000000,0.000000,0.000000,0.000000,0.000000,0.000000,0.000000,0.000000,0.000000,0.000000,0.000000,0.000000,0.000000,0.000000,0.000000,0.000000,0.000000,0.000000,0.000000,0.000000,0.000000,0.000000,0.000000,0.000000,0.000000,0.000000,0.000000,0.000000
Cortex_12,-2.917071,-7.728288,0.000000,0.323191,0.130369,0.150373,0.167740,0.238401,0.255307,0.176600,0.246477,0.173686,0.284425,0.707972,0.662967,0.302743,0.645294,0.736794,0.451852,0.703255,0.428525,0.439703,0.755132,-0.787815,-0.873843,-0.782951,-0.691573,0.000000,0.000000,0.000000,0.000000,0.000000,0.000000,0.000000,0.000000,0.000000,0.000000,0.000000,0.000000,0.000000,0.000000,0.000000,0.000000,0.000000,0.000000,0.000000,0.000000,0.000000,0.000000,0.000000,0.000000,0.000000,0.000000,0.000000,0.000000,0.000000,0.000000,0.000000,0.000000,0.000000,0.000000,0.000000,0.000000,0.000000,0.000000,0.000000,0.000000,0.000000,0.000000,0.000000,0.000000,0.000000,0.000000,0.000000,0.000000,0.000000,0.000000,0.000000,0.000000,0.000000,0.000000,0.000000,0.000000
Cortex_13,-2.260989,-2.255994,0.000000,0.355040,0.194884,0.204736,0.229087,0.248666,0.335834,0.276595,0.423712,0.167680,0.354495,0.280433,0.338892,0.159208,0.428878,0.519232,0.233416,0.286198,0.158190,0.263121,0.482582,-0.814765,-0.689005,-0.711506,-0.790683,0.000000,0.000000,0.000000,0.000000,0.000000,0.000000,0.000000,0.000000,0.000000,0.000000,0.000000,0.000000,0.000000,0.000000,0.000000,0.000000,0.000000,0.000000,0.000000,0.000000,0.000000,0.000000,0.000000,0.000000,0.000000,0.000000,0.000000,0.000000,0.000000,0.000000,0.000000,0.000000,0.000000,0.000000,0.000000,0.000000,0.000000,0.000000,0.000000,0.000000,0.000000,0.000000,0.000000,0.000000,0.000000,0.000000,0.000000,0.000000,0.000000,0.000000,0.000000,0.000000,0.000000,0.000000,0.000000,0.000000
Cortex_14,-1.170317,-5.597496,0.000000,0.284796,0.069817,0.212764,0.071781,0.173798,0.298719,0.213682,0.300976,0.117183,0.254879,0.398401,0.466764,0.346585,0.644249,0.515279,0.432537,0.474597,0.207488,0.297442,0.623389,-0.906665,-0.664578,-0.940725,-0.864242,0.000000,0.000000,0.000000,0.000000,0.000000,0.000000,0.000000,0.000000,0.000000,0.000000,0.000000,0.000000,0.000000,0.000000,0.000000,0.000000,0.000000,0.000000,0.000000,0.000000,0.000000,0.000000,0.000000,0.000000,0.000000,0.000000,0.000000,0.000000,0.000000,0.000000,0.000000,0.000000,0.000000,0.000000,0.000000,0.000000,0.000000,0.000000,0.000000,0.000000,0.000000,0.000000,0.000000,0.000000,0.000000,0.000000,0.000000,0.000000,0.000000,0.000000,0.000000,0.000000,0.000000,0.000000,0.000000,0.000000
Cortex_15,0.096403,-2.463629,0.000000,0.168361,0.146457,0.113983,0.109503,0.131843,0.237645,0.163642,0.115059,0.203808,0.250378,0.338862,0.223439,0.128440,0.285527,0.295894,0.197949,0.197521,0.223773,0.141135,0.204125,-0.534827,-0.517527,-0.654195,-0.787399,0.000000,0.000000,0.000000,0.000000,0.000000,0.000000,0.000000,0.000000,0.000000,0.000000,0.000000,0.000000,0.000000,0.000000,0.000000,0.000000,0.000000,0.000000,0.000000,0.000000,0.000000,0.000000,0.000000,0.000000,0.000000,0.000000,0.000000,0.000000,0.000000,0.000000,0.000000,0.000000,0.000000,0.000000,0.000000,0.000000,0.000000,0.000000,0.000000,0.000000,0.000000,0.000000,0.000000,0.000000,0.000000,0.000000,0.000000,0.000000,0.000000,0.000000,0.000000,0.000000,0.000000,0.000000,0.000000,0.000000
Cortex_16,-1.391087,-8.506596,0.000000,0.294846,0.095214,0.222433,0.213047,0.182284,0.227844,0.186758,0.251978,0.109391,0.151597,0.589727,0.675624,0.441959,0.677643,0.711100,0.374743,0.554580,0.253587,0.369545,0.763316,-0.836670,-0.808679,-0.870665,-0.958434,0.000000,0.000000,0.000000,0.000000,0.000000,0.000000,0.000000,0.000000,0.000000,0.000000,0.000000,0.000000,0.000000,0.000000,0.000000,0.000000,0.000000,0.000000,0.000000,0.000000,0.000000,0.000000,0.000000,0.000000,0.000000,0.000000,0.000000,0.000000,0.000000,0.000000,0.000000,0.000000,0.000000,0.000000,0.000000,0.000000,0.000000,0.000000,0.000000,0.000000,0.000000,0.000000,0.000000,0.000000,0.000000,0.000000,0.000000,0.000000,0.000000,0.000000,0.000000,0.000000,0.000000,0.000000,0.000000,0.000000
Cortex_17,-1.750434,-7.443656,0.000000,0.220798,0.118738,0.126349,0.094479,0.271978,0.191258,0.167141,0.409909,0.106571,0.155105,0.506551,0.405200,0.315136,0.522267,0.564762,0.318064,0.565625,0.330416,0.335432,0.554406,-0.815060,-0.906547,-0.931985,-0.833113,0.000000,0.000000,0.000000,0.000000,0.000000,0.000000,0.000000,0.000000,0.000000,0.000000,0.000000,0.000000,0.000000,0.000000,0.000000,0.000000,0.000000,0.000000,0.000000,0.000000,0.000000,0.000000,0.000000,0.000000,0.000000,0.000000,0.000000,0.000000,0.000000,0.000000,0.000000,0.000000,0.000000,0.000000,0.000000,0.000000,0.000000,0.000000,0.000000,0.000000,0.000000,0.000000,0.000000,0.000000,0.000000,0.000000,0.000000,0.000000,0.000000,0.000000,0.000000,0.000000,0.000000,0.000000,0.000000,0.000000
Cortex_18,0.337643,-7.814951,0.000000,0.309478,0.147164,0.188831,0.176897,0.154244,0.218311,0.189449,0.272701,0.149609,0.246554,0.700427,0.687176,0.462741,0.754391,0.653259,0.442116,0.675170,0.395095,0.422803,0.735815,-0.814702,-0.845457,-0.841199,-0.865303,0.000000,0.000000,0.000000,0.000000,0.000000,0.000000,0.000000,0.000000,0.000000,0.000000,0.000000,0.000000,0.000000,0.000000,0.000000,0.000000,0.000000,0.000000,0.000000,0.000000,0.000000,0.000000,0.000000,0.000000,0.000000,0.000000,0.000000,0.000000,0.000000,0.000000,0.000000,0.000000,0.000000,0.000000,0.000000,0.000000,0.000000,0.000000,0.000000,0.000000,0.000000,0.000000,0.000000,0.000000,0.000000,0.000000,0.000000,0.000000,0.000000,0.000000,0.000000,0.000000,0.000000,0.000000,0.000000,0.000000
Cortex_19,-0.908366,-6.403587,0.000000,0.317578,0.101796,0.207598,0.099496,0.130886,0.129013,0.152773,0.291971,0.126400,0.199315,0.535330,0.531159,0.259886,0.492058,0.730113,0.335339,0.446826,0.317475,0.346180,0.568298,-0.876796,-0.779819,-0.891166,-0.891614,0.000000,0.000000,0.000000,0.000000,0.000000,0.000000,0.000000,0.000000,0.000000,0.000000,0.000000,0.000000,0.000000,0.000000,0.000000,0.000000,0.000000,0.000000,0.000000,0.000000,0.000000,0.000000,0.000000,0.000000,0.000000,0.000000,0.000000,0.000000,0.000000,0.000000,0.000000,0.000000,0.000000,0.000000,0.000000,0.000000,0.000000,0.000000,0.000000,0.000000,0.000000,0.000000,0.000000,0.000000,0.000000,0.000000,0.000000,0.000000,0.000000,0.000000,0.000000,0.000000,0.000000,0.000000,0.000000,0.000000
Cortex_20,0.491276,0.642604,0.000000,0.856418,0.706026,0.729197,0.622315,0.782920,0.730502,0.606161,0.772204,0.574863,0.767705,0.739468,0.637935,0.557047,0.703857,0.669722,0.782827,0.735922,0.688516,0.671890,0.576579,-0.383588,-0.641492,-0.439876,-0.431507,0.000000,0.000000,0.000000,0.000000,0.000000,0.000000,0.000000,0.000000,0.000000,0.000000,0.000000,0.000000,0.000000,0.000000,0.000000,0.000000,0.000000,0.000000,0.000000,0.000000,0.000000,0.000000,0.000000,0.000000,0.000000,0.000000,0.000000,0.000000,0.000000,0.000000,0.000000,0.000000,0.000000,0.000000,0.000000,0.000000,0.000000,0.000000,0.727185,0.728939,0.714719,0.866656,0.790759,0.824422,0.673866,0.801000,0.693822,0.732233,0.000000,0.000000,0.000000,0.000000,0.000000,0.000000,0.000000,0.000000
Cortex_21,1.580679,1.402597,0.000000,0.824486,0.647832,0.659588,0.547248,0.647562,0.657699,0.570569,0.876904,0.524012,0.780278,0.723024,0.619353,0.648963,0.598831,0.767184,0.611360,0.678711,0.721942,0.738516,0.705212,-0.551729,-0.366484,-0.518367,-0.494639,0.000000,0.000000,0.000000,0.000000,0.000000,0.000000,0.000000,0.000000,0.000000,0.000000,0.000000,0.000000,0.000000,0.000000,0.000000,0.000000,0.000000,0.000000,0.000000,0.000000,0.000000,0.000000,0.000000,0.000000,0.000000,0.000000,0.000000,0.000000,0.000000,0.000000,0.000000,0.000000,0.000000,0.000000,0.000000,0.000000,0.000000,0.000000,0.727533,0.575939,0.667207,0.771454,0.827391,0.778513,0.759250,0.760289,0.611206,0.760005,0.000000,0.000000,0.000000,0.000000,0.000000,0.000000,0.000000,0.000000
Cortex_22,-0.948528,1.063300,0.000000,0.871416,0.743703,0.738000,0.778992,0.781738,0.669981,0.721720,0.721203,0.710685,0.747430,0.661393,0.753627,0.699710,0.720523,0.560466,0.625745,0.563438,0.718782,0.651847,0.499243,-0.587278,-0.395536,-0.326108,-0.468008,0.000000,0.000000,0.000000,0.000000,0.000000,0.000000,0.000000,0.000000,0.000000,0.000000,0.000000,0.000000,0.000000,0.000000,0.000000,0.000000,0.000000,0.000000,0.000000,0.000000,0.000000,0.000000,0.000000,0.000000,0.000000,0.000000,0.000000,0.000000,0.000000,0.000000,0.000000,0.000000,0.000000,0.000000,0.000000,0.000000,0.000000,0.000000,0.805579,0.745928,0.853474,0.701023,0.756880,0.760877,0.698149,0.802620,0.836307,0.752316,0.000000,0.000000,0.000000,0.000000,0.000000,0.000000,0.000000,0.000000
Cortex_23,0.403137,1.462699,0.000000,0.714226,0.801686,0.736317,0.751755,0.849918,0.646226,0.705940,0.767199,0.851987,0.762182,0.713971,0.629322,0.719269,0.597370,0.619914,0.633505,0.609203,0.677182,0.642526,0.652386,-0.225842,-0.268407,-0.312860,-0.163960,0.000000,0.000000,0.000000,0.000000,0.000000,0.000000,0.000000,0.000000,0.000000,0.000000,0.000000,0.000000,0.000000,0.000000,0.000000,0.000000,0.000000,0.000000,0.000000,0.000000,0.000000,0.000000,0.000000,0.000000,0.000000,0.000000,0.000000,0.000000,0.000000,0.000000,0.000000,0.000000,0.000000,0.000000,0.000000,0.000000,0.000000,0.000000,0.804075,0.788585,0.803088,0.753507,0.744991,0.751238,0.634208,0.699885,0.714659,0.674057,0.000000,0.000000,0.000000,0.000000,0.000000,0.000000,0.000000,0.000000
D1_0,0.000000,0.000000,-0.148569,0.276341,0.302120,0.466740,0.423386,0.392419,0.361867,0.364134,0.473902,0.352264,0.615386,0.000000,0.000000,0.000000,0.000000,0.000000,0.000000,0.000000,0.000000,0.000000,0.000000,0.000000,0.000000,0.000000,0.000000,-0.621398,-0.456444,-0.470310,-0.433464,-0.459553,-0.586807,-0.598287,-0.446069,0.000000,0.000000,0.000000,0.000000,0.000000,0.000000,0.000000,0.000000,0.025000,0.025000,0.025000,0.025000,0.000000,0.000000,0.000000,0.000000,0.000000,0.000000,0.000000,0.000000,0.000000,0.000000,0.000000,0.000000,0.000000,0.000000,0.000000,0.000000,0.000000,0.000000,0.000000,0.000000,0.000000,0.000000,0.000000,0.000000,0.000000,0.000000,0.000000,0.000000,0.000000,0.000000,0.000000,0.000000,0.000000,0.000000,0.000000,0.000000
D1_1,0.000000,0.000000,-0.148569,0.436571,0.526515,0.353435,0.393744,0.422385,0.485704,0.361473,0.445775,0.378518,0.307744,0.000000,0.000000,0.000000,0.000000,0.000000,0.000000,0.000000,0.000000,0.000000,0.000000,0.000000,0.000000,0.000000,0.000000,-0.674113,-0.372690,-0.423222,-0.547375,-0.434997,-0.556498,-0.680623,-0.579520,0.000000,0.000000,0.000000,0.000000,0.000000,0.000000,0.000000,0.000000,0.025000,0.025000,0.025000,0.025000,0.000000,0.000000,0.000000,0.000000,0.000000,0.000000,0.000000,0.000000,0.000000,0.000000,0.000000,0.000000,0.000000,0.000000,0.000000,0.000000,0.000000,0.000000,0.000000,0.000000,0.000000,0.000000,0.000000,0.000000,0.000000,0.000000,0.000000,0.000000,0.000000,0.000000,0.000000,0.000000,0.000000,0.000000,0.000000,0.000000
D1_2,0.000000,0.000000,-0.167750,0.369854,0.428475,0.557458,0.516813,0.365863,0.411807,0.516736,0.582465,0.421641,0.457877,0.000000,0.000000,0.000000,0.000000,0.000000,0.000000,0.000000,0.000000,0.000000,0.000000,0.000000,0.000000,0.000000,0.000000,-0.587146,-0.494354,-0.614103,-0.567107,-0.480236,-0.459520,-0.601144,-0.626364,0.000000,0.000000,0.000000,0.000000,0.000000,0.000000,0.000000,0.000000,0.178523,0.178523,0.178523,0.178523,0.000000,0.000000,0.000000,0.000000,0.000000,0.000000,0.000000,0.000000,0.000000,0.000000,0.000000,0.000000,0.000000,0.000000,0.000000,0.000000,0.000000,0.000000,0.000000,0.000000,0.000000,0.000000,0.000000,0.000000,0.000000,0.000000,0.000000,0.000000,0.000000,0.000000,0.000000,0.000000,0.000000,0.000000,0.000000,0.000000
D1_3,0.000000,0.000000,-0.148569,0.400090,0.319430,0.433447,0.521887,0.352356,0.394981,0.278119,0.325698,0.413580,0.323106,0.000000,0.000000,0.000000,0.000000,0.000000,0.000000,0.000000,0.000000,0.000000,0.000000,0.000000,0.000000,0.000000,0.000000,-0.613386,-0.492672,-0.611848,-0.673011,-0.322887,-0.574137,-0.686239,-0.433352,0.000000,0.000000,0.000000,0.000000,0.000000,0.000000,0.000000,0.000000,0.025000,0.025000,0.025000,0.025000,0.000000,0.000000,0.000000,0.000000,0.000000,0.000000,0.000000,0.000000,0.000000,0.000000,0.000000,0.000000,0.000000,0.000000,0.000000,0.000000,0.000000,0.000000,0.000000,0.000000,0.000000,0.000000,0.000000,0.000000,0.000000,0.000000,0.000000,0.000000,0.000000,0.000000,0.000000,0.000000,0.000000,0.000000,0.000000,0.000000
D1_4,0.000000,0.000000,-0.148569,0.306760,0.329706,0.431265,0.397118,0.483069,0.380989,0.601252,0.495983,0.446016,0.512567,0.000000,0.000000,0.000000,0.000000,0.000000,0.000000,0.000000,0.000000,0.000000,0.000000,0.000000,0.000000,0.000000,0.000000,-0.483932,-0.710131,-0.604707,-0.518346,-0.385227,-0.463688,-0.334623,-0.665716,0.000000,0.000000,0.000000,0.000000,0.000000,0.000000,0.000000,0.000000,0.025549,0.025549,0.025549,0.025549,0.000000,0.000000,0.000000,0.000000,0.000000,0.000000,0.000000,0.000000,0.000000,0.000000,0.000000,0.000000,0.000000,0.000000,0.000000,0.000000,0.000000,0.000000,0.000000,0.000000,0.000000,0.000000,0.000000,0.000000,0.000000,0.000000,0.000000,0.000000,0.000000,0.000000,0.000000,0.000000,0.000000,0.000000,0.000000,0.000000
D1_5,0.000000,0.000000,-0.236891,0.524106,0.366723,0.506412,0.349199,0.466861,0.333065,0.415862,0.491517,0.394805,0.528215,0.000000,0.000000,0.000000,0.000000,0.000000,0.000000,0.000000,0.000000,0.000000,0.000000,0.000000,0.000000,0.000000,0.000000,-0.654072,-0.566263,-0.541330,-0.633252,-0.517292,-0.506112,-0.595298,-0.506179,0.000000,0.000000,0.000000,0.000000,0.000000,0.000000,0.000000,0.000000,0.192876,0.192876,0.192876,0.192876,0.000000,0.000000,0.000000,0.000000,0.000000,0.000000,0.000000,0.000000,0.000000,0.000000,0.000000,0.000000,0.000000,0.000000,0.000000,0.000000,0.000000,0.000000,0.000000,0.000000,0.000000,0.000000,0.000000,0.000000,0.000000,0.000000,0.000000,0.000000,0.000000,0.000000,0.000000,0.000000,0.000000,0.000000,0.000000,0.000000
D1_6,0.000000,0.000000,-0.148569,0.431333,0.456287,0.537943,0.527808,0.587687,0.515272,0.565910,0.369698,0.502422,0.505987,0.000000,0.000000,0.000000,0.000000,0.000000,0.000000,0.000000,0.000000,0.000000,0.000000,0.000000,0.000000,0.000000,0.000000,-0.578372,-0.554368,-0.379310,-0.691307,-0.608569,-0.676378,-0.673141,-0.468290,0.000000,0.000000,0.000000,0.000000,0.000000,0.000000,0.000000,0.000000,0.025000,0.025000,0.025000,0.025000,0.000000,0.000000,0.000000,0.000000,0.000000,0.000000,0.000000,0.000000,0.000000,0.000000,0.000000,0.000000,0.000000,0.000000,0.000000,0.000000,0.000000,0.000000,0.000000,0.000000,0.000000,0.000000,0.000000,0.000000,0.000000,0.000000,0.000000,0.000000,0.000000,0.000000,0.000000,0.000000,0.000000,0.000000,0.000000,0.000000
D1_7,0.000000,0.000000,-0.148569,0.360662,0.552697,0.453298,0.444980,0.454840,0.508914,0.497915,0.437476,0.421296,0.509929,0.000000,0.000000,0.000000,0.000000,0.000000,0.000000,0.000000,0.000000,0.000000,0.000000,0.000000,0.000000,0.000000,0.000000,-0.638127,-0.450676,-0.626962,-0.520224,-0.609843,-0.570926,-0.481310,-0.555801,0.000000,0.000000,0.000000,0.000000,0.000000,0.000000,0.000000,0.000000,0.050721,0.050721,0.050721,0.050721,0.000000,0.000000,0.000000,0.000000,0.000000,0.000000,0.000000,0.000000,0.000000,0.000000,0.000000,0.000000,0.000000,0.000000,0.000000,0.000000,0.000000,0.000000,0.000000,0.000000,0.000000,0.000000,0.000000,0.000000,0.000000,0.000000,0.000000,0.000000,0.000000,0.000000,0.000000,0.000000,0.000000,0.000000,0.000000,0.000000
D2_0,0.000000,0.000000,1.080009,0.299717,0.065444,0.144900,0.067291,0.067260,0.120974,0.100984,0.443198,0.044209,0.136071,0.000000,0.000000,0.000000,0.000000,0.000000,0.000000,0.000000,0.000000,0.000000,0.000000,0.000000,0.000000,0.000000,0.000000,0.000000,0.000000,0.000000,0.000000,0.000000,0.000000,0.000000,0.000000,-0.121399,-0.634215,-0.835528,-0.743907,-0.814505,-0.867005,-0.812946,-0.733913,-0.025000,-0.025000,-0.025000,-0.025000,0.000000,0.000000,0.000000,0.000000,0.000000,0.000000,0.000000,0.000000,0.000000,0.000000,0.000000,0.000000,0.000000,0.000000,0.000000,0.000000,0.000000,0.000000,0.000000,0.000000,0.000000,0.000000,0.000000,0.000000,0.000000,0.000000,0.000000,0.000000,0.000000,0.000000,0.000000,0.000000,0.000000,0.000000,0.000000,0.000000
D2_1,0.000000,0.000000,0.099171,0.682628,0.498701,0.380538,0.425743,0.393744,0.355066,0.505261,0.611083,0.340015,0.413027,0.000000,0.000000,0.000000,0.000000,0.000000,0.000000,0.000000,0.000000,0.000000,0.000000,0.000000,0.000000,0.000000,0.000000,0.000000,0.000000,0.000000,0.000000,0.000000,0.000000,0.000000,0.000000,-0.471844,-0.652416,-0.661025,-0.711625,-0.848663,-0.735989,-0.653311,-0.774679,-0.025000,-0.025000,-0.025000,-0.025000,0.000000,0.000000,0.000000,0.000000,0.000000,0.000000,0.000000,0.000000,0.000000,0.000000,0.000000,0.000000,0.000000,0.000000,0.000000,0.000000,0.000000,0.000000,0.000000,0.000000,0.000000,0.000000,0.000000,0.000000,0.000000,0.000000,0.000000,0.000000,0.000000,0.000000,0.000000,0.000000,0.000000,0.000000,0.000000,0.000000
D2_2,0.000000,0.000000,0.099171,0.641784,0.549476,0.485870,0.499935,0.555574,0.640712,0.706852,0.750689,0.447012,0.553335,0.000000,0.000000,0.000000,0.000000,0.000000,0.000000,0.000000,0.000000,0.000000,0.000000,0.000000,0.000000,0.000000,0.000000,0.000000,0.000000,0.000000,0.000000,0.000000,0.000000,0.000000,0.000000,-0.569823,-0.664184,-0.687569,-0.707363,-0.756855,-0.765018,-0.689893,-0.710629,-0.025000,-0.025000,-0.025000,-0.025000,0.000000,0.000000,0.000000,0.000000,0.000000,0.000000,0.000000,0.000000,0.000000,0.000000,0.000000,0.000000,0.000000,0.000000,0.000000,0.000000,0.000000,0.000000,0.000000,0.000000,0.000000,0.000000,0.000000,0.000000,0.000000,0.000000,0.000000,0.000000,0.000000,0.000000,0.000000,0.000000,0.000000,0.000000,0.000000,0.000000
D2_3,0.000000,0.000000,0.546110,0.516781,0.568680,0.617376,0.432697,0.419794,0.528418,0.546756,0.799813,0.438489,0.499348,0.000000,0.000000,0.000000,0.000000,0.000000,0.000000,0.000000,0.000000,0.000000,0.000000,0.000000,0.000000,0.000000,0.000000,0.000000,0.000000,0.000000,0.000000,0.000000,0.000000,0.000000,0.000000,-0.804773,-0.684849,-0.636436,-0.635078,-0.577274,-0.496924,-0.389691,-0.668052,-0.025000,-0.025000,-0.025000,-0.025000,0.000000,0.000000,0.000000,0.000000,0.000000,0.000000,0.000000,0.000000,0.000000,0.000000,0.000000,0.000000,0.000000,0.000000,0.000000,0.000000,0.000000,0.000000,0.000000,0.000000,0.000000,0.000000,0.000000,0.000000,0.000000,0.000000,0.000000,0.000000,0.000000,0.000000,0.000000,0.000000,0.000000,0.000000,0.000000,0.000000
D2_4,0.000000,0.000000,0.625098,0.583552,0.478075,0.405394,0.398814,0.424056,0.388531,0.493641,0.628472,0.436109,0.520298,0.000000,0.000000,0.000000,0.000000,0.000000,0.000000,0.000000,0.000000,0.000000,0.000000,0.000000,0.000000,0.000000,0.000000,0.000000,0.000000,0.000000,0.000000,0.000000,0.000000,0.000000,0.000000,-0.856633,-0.489635,-0.601157,-0.536187,-0.498874,-0.561809,-0.490340,-0.675068,-0.025000,-0.025000,-0.025000,-0.025000,0.000000,0.000000,0.000000,0.000000,0.000000,0.000000,0.000000,0.000000,0.000000,0.000000,0.000000,0.000000,0.000000,0.000000,0.000000,0.000000,0.000000,0.000000,0.000000,0.000000,0.000000,0.000000,0.000000,0.000000,0.000000,0.000000,0.000000,0.000000,0.000000,0.000000,0.000000,0.000000,0.000000,0.000000,0.000000,0.000000
D2_5,0.000000,0.000000,0.953579,0.764757,0.687943,0.654163,0.743135,0.773358,0.547325,0.592761,0.651025,0.714650,0.516735,0.000000,0.000000,0.000000,0.000000,0.000000,0.000000,0.000000,0.000000,0.000000,0.000000,0.000000,0.000000,0.000000,0.000000,0.000000,0.000000,0.000000,0.000000,0.000000,0.000000,0.000000,0.000000,-0.917500,-0.488491,-0.613451,-0.465913,-0.394141,-0.410319,-0.561939,-0.523064,-0.025000,-0.025000,-0.025000,-0.025000,0.000000,0.000000,0.000000,0.000000,0.000000,0.000000,0.000000,0.000000,0.000000,0.000000,0.000000,0.000000,0.000000,0.000000,0.000000,0.000000,0.000000,0.000000,0.000000,0.000000,0.000000,0.000000,0.000000,0.000000,0.000000,0.000000,0.000000,0.000000,0.000000,0.000000,0.000000,0.000000,0.000000,0.000000,0.000000,0.000000
D2_6,0.000000,0.000000,0.099171,0.551798,0.445167,0.593434,0.489743,0.428861,0.523795,0.561215,0.810147,0.482380,0.635749,0.000000,0.000000,0.000000,0.000000,0.000000,0.000000,0.000000,0.000000,0.000000,0.000000,0.000000,0.000000,0.000000,0.000000,0.000000,0.000000,0.000000,0.000000,0.000000,0.000000,0.000000,0.000000,-0.569876,-0.649669,-0.744494,-0.777886,-0.753587,-0.797090,-0.734953,-0.738973,-0.025000,-0.025000,-0.025000,-0.025000,0.000000,0.000000,0.000000,0.000000,0.000000,0.000000,0.000000,0.000000,0.000000,0.000000,0.000000,0.000000,0.000000,0.000000,0.000000,0.000000,0.000000,0.000000,0.000000,0.000000,0.000000,0.000000,0.000000,0.000000,0.000000,0.000000,0.000000,0.000000,0.000000,0.000000,0.000000,0.000000,0.000000,0.000000,0.000000,0.000000
D2_7,0.000000,0.000000,0.099171,0.590899,0.372337,0.377869,0.311983,0.353530,0.260456,0.454377,0.569611,0.297006,0.335241,0.000000,0.000000,0.000000,0.000000,0.000000,0.000000,0.000000,0.000000,0.000000,0.000000,0.000000,0.000000,0.000000,0.000000,0.000000,0.000000,0.000000,0.000000,0.000000,0.000000,0.000000,0.000000,-0.338515,-0.760213,-0.693851,-0.818101,-0.762406,-0.740244,-0.761284,-0.766261,-0.025000,-0.025000,-0.025000,-0.025000,0.000000,0.000000,0.000000,0.000000,0.000000,0.000000,0.000000,0.000000,0.000000,0.000000,0.000000,0.000000,0.000000,0.000000,0.000000,0.000000,0.000000,0.000000,0.000000,0.000000,0.000000,0.000000,0.000000,0.000000,0.000000,0.000000,0.000000,0.000000,0.000000,0.000000,0.000000,0.000000,0.000000,0.000000,0.000000,0.000000
SNc_0,0.000000,0.000000,0.000000,0.000000,0.000000,0.000000,0.000000,0.000000,0.000000,0.000000,0.000000,0.000000,0.000000,0.899904,0.678158,0.629997,0.968664,0.904678,0.979065,0.552429,0.577468,0.716768,0.815316,0.000000,0.000000,0.000000,0.000000,-0.573697,-0.644243,-0.580668,-0.584410,-0.730075,-0.566571,-0.657068,-0.645094,-0.643022,-0.085457,-0.091305,-0.117085,-0.159819,-0.110632,-0.101738,-0.129722,0.000000,0.000000,0.000000,0.000000,0.000000,0.000000,0.000000,0.000000,0.000000,0.000000,0.587926,0.580914,0.502082,0.527440,0.746561,0.694013,0.000000,0.000000,0.000000,0.000000,0.000000,0.000000,0.000000,0.000000,0.000000,0.000000,0.000000,0.000000,0.000000,0.000000,0.000000,0.000000,0.000000,0.000000,0.000000,0.000000,0.000000,0.000000,0.000000,0.000000
SNc_1,0.000000,0.000000,0.000000,0.000000,0.000000,0.000000,0.000000,0.000000,0.000000,0.000000,0.000000,0.000000,0.000000,0.875102,0.601956,0.624731,0.965208,0.901303,0.976820,0.606802,0.633626,0.712326,0.829083,0.000000,0.000000,0.000000,0.000000,-0.420225,-0.517825,-0.542178,-0.672948,-0.559588,-0.469522,-0.639504,-0.651720,-0.601907,-0.058886,-0.066778,-0.128607,-0.210848,-0.090612,-0.086296,-0.196172,0.000000,0.000000,0.000000,0.000000,0.000000,0.000000,0.000000,0.000000,0.000000,0.000000,0.611237,0.579625,0.573640,0.619825,0.531277,0.450862,0.000000,0.000000,0.000000,0.000000,0.000000,0.000000,0.000000,0.000000,0.000000,0.000000,0.000000,0.000000,0.000000,0.000000,0.000000,0.000000,0.000000,0.000000,0.000000,0.000000,0.000000,0.000000,0.000000,0.000000
SNc_2,0.000000,0.000000,0.000000,0.000000,0.000000,0.000000,0.000000,0.000000,0.000000,0.000000,0.000000,0.000000,0.000000,0.855465,0.631960,0.604654,0.951870,0.855377,0.971404,0.554885,0.613875,0.568824,0.799364,0.000000,0.000000,0.000000,0.000000,-0.692374,-0.544890,-0.661085,-0.543290,-0.456429,-0.657721,-0.633644,-0.538695,-0.634115,-0.092915,-0.068565,-0.112856,-0.200414,-0.106557,-0.076727,-0.102513,0.000000,0.000000,0.000000,0.000000,0.000000,0.000000,0.000000,0.000000,0.000000,0.000000,0.505799,0.675068,0.608759,0.561410,0.574524,0.538210,0.000000,0.000000,0.000000,0.000000,0.000000,0.000000,0.000000,0.000000,0.000000,0.000000,0.000000,0.000000,0.000000,0.000000,0.000000,0.000000,0.000000,0.000000,0.000000,0.000000,0.000000,0.000000,0.000000,0.000000
SNc_3,0.000000,0.000000,0.000000,0.000000,0.000000,0.000000,0.000000,0.000000,0.000000,0.000000,0.000000,0.000000,0.000000,0.888090,0.608142,0.613389,0.959403,0.891699,0.975231,0.576757,0.585635,0.732029,0.800693,0.000000,0.000000,0.000000,0.000000,-0.604474,-0.564304,-0.652450,-0.655634,-0.515217,-0.479132,-0.573976,-0.504607,-0.594735,-0.091032,-0.080569,-0.114908,-0.212685,-0.084920,-0.065941,-0.174960,0.000000,0.000000,0.000000,0.000000,0.000000,0.000000,0.000000,0.000000,0.000000,0.000000,0.437677,0.548780,0.701111,0.664881,0.653036,0.510357,0.000000,0.000000,0.000000,0.000000,0.000000,0.000000,0.000000,0.000000,0.000000,0.000000,0.000000,0.000000,0.000000,0.000000,0.000000,0.000000,0.000000,0.000000,0.000000,0.000000,0.000000,0.000000,0.000000,0.000000
GPe_0,0.000000,0.000000,0.000000,0.093451,0.527481,0.090517,0.425545,0.361937,0.093661,0.125470,0.077574,0.386651,0.071419,0.000000,0.000000,0.000000,0.000000,0.000000,0.000000,0.000000,0.000000,0.000000,0.000000,0.000000,0.000000,0.000000,0.000000,0.000000,0.000000,0.000000,0.000000,0.000000,0.000000,0.000000,0.000000,-0.800255,-0.413972,-0.338866,-0.196490,-0.180026,-0.145421,-0.280825,-0.299670,0.000000,0.000000,0.000000,0.000000,-0.480075,-0.566950,-0.604366,-0.656760,-0.368212,-0.485734,0.403891,0.380378,0.495171,0.283046,0.275895,0.447898,0.000000,0.000000,0.000000,0.000000,0.000000,0.000000,0.000000,0.000000,0.000000,0.000000,0.000000,0.000000,0.000000,0.000000,0.000000,0.000000,0.000000,0.000000,0.000000,0.000000,0.000000,0.000000,0.000000,0.000000
GPe_1,0.000000,0.000000,0.000000,0.100199,0.403304,0.126127,0.377462,0.465689,0.130553,0.164437,0.071828,0.390811,0.129744,0.000000,0.000000,0.000000,0.000000,0.000000,0.000000,0.000000,0.000000,0.000000,0.000000,0.000000,0.000000,0.000000,0.000000,0.000000,0.000000,0.000000,0.000000,0.000000,0.000000,0.000000,0.000000,-0.735425,-0.257327,-0.342241,-0.175788,-0.135767,-0.199960,-0.479275,-0.475077,0.000000,0.000000,0.000000,0.000000,-0.624206,-0.472374,-0.625548,-0.490462,-0.423721,-0.602314,0.431089,0.594021,0.329879,0.265778,0.418539,0.432427,0.000000,0.000000,0.000000,0.000000,0.000000,0.000000,0.000000,0.000000,0.000000,0.000000,0.000000,0.000000,0.000000,0.000000,0.000000,0.000000,0.000000,0.000000,0.000000,0.000000,0.000000,0.000000,0.000000,0.000000
GPe_2,0.000000,0.000000,0.000000,0.075006,0.301758,0.108241,0.340960,0.436418,0.077991,0.129924,0.071789,0.332650,0.120840,0.000000,0.000000,0.000000,0.000000,0.000000,0.000000,0.000000,0.000000,0.000000,0.000000,0.000000,0.000000,0.000000,0.000000,0.000000,0.000000,0.000000,0.000000,0.000000,0.000000,0.000000,0.000000,-0.776295,-0.399629,-0.398604,-0.146527,-0.166936,-0.186062,-0.267191,-0.543614,0.000000,0.000000,0.000000,0.000000,-0.617249,-0.383626,-0.335905,-0.494545,-0.463449,-0.526323,0.570290,0.387212,0.330424,0.466907,0.458358,0.394127,0.000000,0.000000,0.000000,0.000000,0.000000,0.000000,0.000000,0.000000,0.000000,0.000000,0.000000,0.000000,0.000000,0.000000,0.000000,0.000000,0.000000,0.000000,0.000000,0.000000,0.000000,0.000000,0.000000,0.000000
GPe_3,0.000000,0.000000,0.000000,0.052182,0.324567,0.131487,0.369875,0.353250,0.116928,0.131546,0.040508,0.277746,0.121752,0.000000,0.000000,0.000000,0.000000,0.000000,0.000000,0.000000,0.000000,0.000000,0.000000,0.000000,0.000000,0.000000,0.000000,0.000000,0.000000,0.000000,0.000000,0.000000,0.000000,0.000000,0.000000,-0.772559,-0.394917,-0.328316,-0.192252,-0.208821,-0.136456,-0.390305,-0.369411,0.000000,0.000000,0.000000,0.000000,-0.428741,-0.308998,-0.700185,-0.631389,-0.454408,-0.555426,0.445585,0.519979,0.356022,0.447940,0.439540,0.299583,0.000000,0.000000,0.000000,0.000000,0.000000,0.000000,0.000000,0.000000,0.000000,0.000000,0.000000,0.000000,0.000000,0.000000,0.000000,0.000000,0.000000,0.000000,0.000000,0.000000,0.000000,0.000000,0.000000,0.000000
GPe_4,0.000000,0.000000,0.000000,0.069994,0.437825,0.147967,0.338873,0.295625,0.098739,0.164755,0.058909,0.289111,0.092421,0.000000,0.000000,0.000000,0.000000,0.000000,0.000000,0.000000,0.000000,0.000000,0.000000,0.000000,0.000000,0.000000,0.000000,0.000000,0.000000,0.000000,0.000000,0.000000,0.000000,0.000000,0.000000,-0.757167,-0.390523,-0.253416,-0.217540,-0.121130,-0.166026,-0.296691,-0.495301,0.000000,0.000000,0.000000,0.000000,-0.624722,-0.497948,-0.531611,-0.518302,-0.638147,-0.462059,0.198319,0.399990,0.367697,0.353299,0.409530,0.490014,0.000000,0.000000,0.000000,0.000000,0.000000,0.000000,0.000000,0.000000,0.000000,0.000000,0.000000,0.000000,0.000000,0.000000,0.000000,0.000000,0.000000,0.000000,0.000000,0.000000,0.000000,0.000000,0.000000,0.000000
GPe_5,0.000000,0.000000,0.000000,0.060252,0.454479,0.139986,0.417200,0.393950,0.106475,0.124109,0.055159,0.317990,0.116130,0.000000,0.000000,0.000000,0.000000,0.000000,0.000000,0.000000,0.000000,0.000000,0.000000,0.000000,0.000000,0.000000,0.000000,0.000000,0.000000,0.000000,0.000000,0.000000,0.000000,0.000000,0.000000,-0.755895,-0.381601,-0.208006,-0.216405,-0.208371,-0.098340,-0.309369,-0.446039,0.000000,0.000000,0.000000,0.000000,-0.665385,-0.496483,-0.594733,-0.601104,-0.543423,-0.540565,0.422773,0.459690,0.383207,0.523263,0.329481,0.419252,0.000000,0.000000,0.000000,0.000000,0.000000,0.000000,0.000000,0.000000,0.000000,0.000000,0.000000,0.000000,0.000000,0.000000,0.000000,0.000000,0.000000,0.000000,0.000000,0.000000,0.000000,0.000000,0.000000,0.000000
STN_0,0.000000,0.000000,0.000000,0.436130,0.353859,0.205169,0.436806,0.292448,0.152023,0.106403,0.324607,0.405302,0.119022,0.136608,0.409331,0.642354,0.019854,0.103085,0.006296,0.269048,0.568364,0.511029,0.157009,0.000000,0.000000,0.000000,0.000000,0.000000,0.000000,0.000000,0.000000,0.000000,0.000000,0.000000,0.000000,0.000000,0.000000,0.000000,0.000000,0.000000,0.000000,0.000000,0.000000,0.000000,0.000000,0.000000,0.000000,-0.480481,-0.529129,-0.634229,-0.414458,-0.452340,-0.497328,0.233996,0.263056,0.282746,0.299057,0.327551,0.269747,0.000000,0.000000,0.000000,0.000000,0.000000,0.000000,0.000000,0.000000,0.000000,0.000000,0.000000,0.000000,0.000000,0.000000,0.000000,0.000000,0.000000,0.000000,0.000000,0.000000,0.000000,0.000000,0.000000,0.000000
STN_1,0.000000,0.000000,0.000000,0.398219,0.346877,0.202957,0.444413,0.318330,0.202543,0.107402,0.301258,0.476340,0.160937,0.179543,0.468681,0.474988,0.017930,0.093432,0.005788,0.381556,0.680252,0.451693,0.144518,0.000000,0.000000,0.000000,0.000000,0.000000,0.000000,0.000000,0.000000,0.000000,0.000000,0.000000,0.000000,0.000000,0.000000,0.000000,0.000000,0.000000,0.000000,0.000000,0.000000,0.000000,0.000000,0.000000,0.000000,-0.561479,-0.785418,-0.549312,-0.705991,-0.544545,-0.646296,0.449404,0.408083,0.252409,0.339465,0.389671,0.295472,0.000000,0.000000,0.000000,0.000000,0.000000,0.000000,0.000000,0.000000,0.000000,0.000000,0.000000,0.000000,0.000000,0.000000,0.000000,0.000000,0.000000,0.000000,0.000000,0.000000,0.000000,0.000000,0.000000,0.000000
STN_2,0.000000,0.000000,0.000000,0.296147,0.385207,0.156396,0.399698,0.202789,0.117406,0.068914,0.242409,0.485940,0.111947,0.124900,0.525819,0.579136,0.010224,0.073063,0.003815,0.360227,0.614335,0.489254,0.192804,0.000000,0.000000,0.000000,0.000000,0.000000,0.000000,0.000000,0.000000,0.000000,0.000000,0.000000,0.000000,0.000000,0.000000,0.000000,0.000000,0.000000,0.000000,0.000000,0.000000,0.000000,0.000000,0.000000,0.000000,-0.740616,-0.545721,-0.626093,-0.524535,-0.512514,-0.592335,0.194922,0.184147,0.248899,0.307527,0.130850,0.276371,0.000000,0.000000,0.000000,0.000000,0.000000,0.000000,0.000000,0.000000,0.000000,0.000000,0.000000,0.000000,0.000000,0.000000,0.000000,0.000000,0.000000,0.000000,0.000000,0.000000,0.000000,0.000000,0.000000,0.000000
STN_3,0.000000,0.000000,0.000000,0.518494,0.364723,0.304932,0.485660,0.361392,0.337272,0.136174,0.551561,0.644963,0.153614,0.148503,0.386731,0.513704,0.011112,0.164562,0.006366,0.373101,0.660252,0.439722,0.181060,0.000000,0.000000,0.000000,0.000000,0.000000,0.000000,0.000000,0.000000,0.000000,0.000000,0.000000,0.000000,0.000000,0.000000,0.000000,0.000000,0.000000,0.000000,0.000000,0.000000,0.000000,0.000000,0.000000,0.000000,-0.731937,-0.554216,-0.525960,-0.473020,-0.550306,-0.515236,0.200768,0.330066,0.259371,0.277490,0.436759,0.317495,0.000000,0.000000,0.000000,0.000000,0.000000,0.000000,0.000000,0.000000,0.000000,0.000000,0.000000,0.000000,0.000000,0.000000,0.000000,0.000000,0.000000,0.000000,0.000000,0.000000,0.000000,0.000000,0.000000,0.000000
STN_4,0.000000,0.000000,0.000000,0.489475,0.414240,0.351818,0.565887,0.392380,0.372959,0.228060,0.533533,0.570443,0.172904,0.085805,0.371979,0.515182,0.018439,0.137070,0.005732,0.421602,0.635042,0.523893,0.159373,0.000000,0.000000,0.000000,0.000000,0.000000,0.000000,0.000000,0.000000,0.000000,0.000000,0.000000,0.000000,0.000000,0.000000,0.000000,0.000000,0.000000,0.000000,0.000000,0.000000,0.000000,0.000000,0.000000,0.000000,-0.576974,-0.647323,-0.411000,-0.633515,-0.615500,-0.531240,0.265312,0.439982,0.296767,0.430402,0.207453,0.333771,0.000000,0.000000,0.000000,0.000000,0.000000,0.000000,0.000000,0.000000,0.000000,0.000000,0.000000,0.000000,0.000000,0.000000,0.000000,0.000000,0.000000,0.000000,0.000000,0.000000,0.000000,0.000000,0.000000,0.000000
STN_5,0.000000,0.000000,0.000000,0.442188,0.475402,0.204438,0.517567,0.344169,0.231681,0.101436,0.296136,0.415407,0.135659,0.200491,0.481072,0.599116,0.008979,0.119885,0.004600,0.334444,0.535546,0.449191,0.194389,0.000000,0.000000,0.000000,0.000000,0.000000,0.000000,0.000000,0.000000,0.000000,0.000000,0.000000,0.000000,0.000000,0.000000,0.000000,0.000000,0.000000,0.000000,0.000000,0.000000,0.000000,0.000000,0.000000,0.000000,-0.555106,-0.429921,-0.496500,-0.533103,-0.573235,-0.570866,0.273037,0.294897,0.192667,0.231562,0.282681,0.359322,0.000000,0.000000,0.000000,0.000000,0.000000,0.000000,0.000000,0.000000,0.000000,0.000000,0.000000,0.000000,0.000000,0.000000,0.000000,0.000000,0.000000,0.000000,0.000000,0.000000,0.000000,0.000000,0.000000,0.000000
SNr_0,0.000000,0.000000,0.000000,0.000000,0.000000,0.000000,0.000000,0.000000,0.000000,0.000000,0.000000,0.000000,0.000000,0.000000,0.000000,0.000000,0.000000,0.000000,0.000000,0.000000,0.000000,0.000000,0.000000,0.000000,0.000000,0.000000,0.000000,-0.563538,-0.519084,-0.334687,-0.555167,-0.351158,-0.340758,-0.333375,-0.546341,0.000000,0.000000,0.000000,0.000000,0.000000,0.000000,0.000000,0.000000,0.000000,0.000000,0.000000,0.000000,-0.718517,-0.578565,-0.640055,-0.656041,-0.541733,-0.628686,0.149533,0.066033,0.118457,0.078109,0.134920,0.085169,0.000000,0.000000,0.000000,0.000000,0.000000,0.000000,0.000000,0.000000,0.000000,0.000000,0.000000,0.000000,0.000000,0.000000,0.000000,0.000000,0.000000,0.000000,0.000000,0.000000,0.000000,0.000000,0.000000,0.000000
SNr_1,0.000000,0.000000,0.000000,0.000000,0.000000,0.000000,0.000000,0.000000,0.000000,0.000000,0.000000,0.000000,0.000000,0.000000,0.000000,0.000000,0.000000,0.000000,0.000000,0.000000,0.000000,0.000000,0.000000,0.000000,0.000000,0.000000,0.000000,-0.463293,-0.395883,-0.403809,-0.426756,-0.477064,-0.298995,-0.508497,-0.505888,0.000000,0.000000,0.000000,0.000000,0.000000,0.000000,0.000000,0.000000,0.000000,0.000000,0.000000,0.000000,-0.554181,-0.580472,-0.550047,-0.396706,-0.665499,-0.744968,0.098293,0.070610,0.119695,0.102000,0.101680,0.063863,0.000000,0.000000,0.000000,0.000000,0.000000,0.000000,0.000000,0.000000,0.000000,0.000000,0.000000,0.000000,0.000000,0.000000,0.000000,0.000000,0.000000,0.000000,0.000000,0.000000,0.000000,0.000000,0.000000,0.000000
SNr_2,0.000000,0.000000,0.000000,0.000000,0.000000,0.000000,0.000000,0.000000,0.000000,0.000000,0.000000,0.000000,0.000000,0.000000,0.000000,0.000000,0.000000,0.000000,0.000000,0.000000,0.000000,0.000000,0.000000,0.000000,0.000000,0.000000,0.000000,-0.389383,-0.436356,-0.335138,-0.519749,-0.385030,-0.386278,-0.412278,-0.390493,0.000000,0.000000,0.000000,0.000000,0.000000,0.000000,0.000000,0.000000,0.000000,0.000000,0.000000,0.000000,-0.637439,-0.341599,-0.549180,-0.649765,-0.555595,-0.609216,0.125695,0.082093,0.144912,0.086993,0.132788,0.077526,0.000000,0.000000,0.000000,0.000000,0.000000,0.000000,0.000000,0.000000,0.000000,0.000000,0.000000,0.000000,0.000000,0.000000,0.000000,0.000000,0.000000,0.000000,0.000000,0.000000,0.000000,0.000000,0.000000,0.000000
SNr_3,0.000000,0.000000,0.000000,0.000000,0.000000,0.000000,0.000000,0.000000,0.000000,0.000000,0.000000,0.000000,0.000000,0.000000,0.000000,0.000000,0.000000,0.000000,0.000000,0.000000,0.000000,0.000000,0.000000,0.000000,0.000000,0.000000,0.000000,-0.413763,-0.424984,-0.477921,-0.348067,-0.519138,-0.412956,-0.514175,-0.478971,0.000000,0.000000,0.000000,0.000000,0.000000,0.000000,0.000000,0.000000,0.000000,0.000000,0.000000,0.000000,-0.628847,-0.482466,-0.616790,-0.713617,-0.714288,-0.635147,0.050385,0.118517,0.102602,0.147200,0.081214,0.125190,0.000000,0.000000,0.000000,0.000000,0.000000,0.000000,0.000000,0.000000,0.000000,0.000000,0.000000,0.000000,0.000000,0.000000,0.000000,0.000000,0.000000,0.000000,0.000000,0.000000,0.000000,0.000000,0.000000,0.000000
SNr_4,0.000000,0.000000,0.000000,0.000000,0.000000,0.000000,0.000000,0.000000,0.000000,0.000000,0.000000,0.000000,0.000000,0.000000,0.000000,0.000000,0.000000,0.000000,0.000000,0.000000,0.000000,0.000000,0.000000,0.000000,0.000000,0.000000,0.000000,-0.485878,-0.470882,-0.553363,-0.506741,-0.490236,-0.479949,-0.465501,-0.426007,0.000000,0.000000,0.000000,0.000000,0.000000,0.000000,0.000000,0.000000,0.000000,0.000000,0.000000,0.000000,-0.645146,-0.587303,-0.599409,-0.604277,-0.595313,-0.629684,0.093104,0.134524,0.054242,0.083077,0.122623,0.111661,0.000000,0.000000,0.000000,0.000000,0.000000,0.000000,0.000000,0.000000,0.000000,0.000000,0.000000,0.000000,0.000000,0.000000,0.000000,0.000000,0.000000,0.000000,0.000000,0.000000,0.000000,0.000000,0.000000,0.000000
SNr_5,0.000000,0.000000,0.000000,0.000000,0.000000,0.000000,0.000000,0.000000,0.000000,0.000000,0.000000,0.000000,0.000000,0.000000,0.000000,0.000000,0.000000,0.000000,0.000000,0.000000,0.000000,0.000000,0.000000,0.000000,0.000000,0.000000,0.000000,-0.423139,-0.435838,-0.292619,-0.416712,-0.393706,-0.517211,-0.465284,-0.472918,0.000000,0.000000,0.000000,0.000000,0.000000,0.000000,0.000000,0.000000,0.000000,0.000000,0.000000,0.000000,-0.577148,-0.538129,-0.645732,-0.628381,-0.639395,-0.440992,0.214148,0.133668,0.089877,0.096020,0.091332,0.079298,0.000000,0.000000,0.000000,0.000000,0.000000,0.000000,0.000000,0.000000,0.000000,0.000000,0.000000,0.000000,0.000000,0.000000,0.000000,0.000000,0.000000,0.000000,0.000000,0.000000,0.000000,0.000000,0.000000,0.000000
Thalamus_0,0.000000,0.000000,0.000000,0.268079,0.529887,0.705103,0.326320,0.276099,0.833049,0.766490,0.370177,0.428030,0.739364,0.000000,0.000000,0.000000,0.000000,0.000000,0.000000,0.000000,0.000000,0.000000,0.000000,0.000000,0.000000,0.000000,0.000000,0.000000,0.000000,0.000000,0.000000,0.000000,0.000000,0.000000,0.000000,0.000000,0.000000,0.000000,0.000000,0.000000,0.000000,0.000000,0.000000,0.000000,0.000000,0.000000,0.000000,0.000000,0.000000,0.000000,0.000000,0.000000,0.000000,0.000000,0.000000,0.000000,0.000000,0.000000,0.000000,-0.638248,-0.406965,-0.566324,-0.582230,-0.581427,-0.469021,0.449465,0.408154,0.474759,0.465036,0.437760,0.486320,0.351131,0.254225,0.387526,0.369217,-0.552764,-0.586877,-0.594853,0.000000,0.000000,0.000000,0.000000,0.000000
Thalamus_1,0.000000,0.000000,0.000000,0.336472,0.358567,0.708386,0.364564,0.291869,0.769959,0.822829,0.236254,0.400033,0.808539,0.000000,0.000000,0.000000,0.000000,0.000000,0.000000,0.000000,0.000000,0.000000,0.000000,0.000000,0.000000,0.000000,0.000000,0.000000,0.000000,0.000000,0.000000,0.000000,0.000000,0.000000,0.000000,0.000000,0.000000,0.000000,0.000000,0.000000,0.000000,0.000000,0.000000,0.000000,0.000000,0.000000,0.000000,0.000000,0.000000,0.000000,0.000000,0.000000,0.000000,0.000000,0.000000,0.000000,0.000000,0.000000,0.000000,-0.662995,-0.424074,-0.382791,-0.584598,-0.601378,-0.593297,0.442446,0.438129,0.446878,0.192403,0.290598,0.551000,0.352745,0.385269,0.314236,0.423769,-0.518264,-0.224781,-0.379974,0.000000,0.000000,0.000000,0.000000,0.000000
Thalamus_2,0.000000,0.000000,0.000000,0.436857,0.439905,0.839959,0.508280,0.378682,0.862410,0.781356,0.261389,0.458050,0.841443,0.000000,0.000000,0.000000,0.000000,0.000000,0.000000,0.000000,0.000000,0.000000,0.000000,0.000000,0.000000,0.000000,0.000000,0.000000,0.000000,0.000000,0.000000,0.000000,0.000000,0.000000,0.000000,0.000000,0.000000,0.000000,0.000000,0.000000,0.000000,0.000000,0.000000,0.000000,0.000000,0.000000,0.000000,0.000000,0.000000,0.000000,0.000000,0.000000,0.000000,0.000000,0.000000,0.000000,0.000000,0.000000,0.000000,-0.514954,-0.698423,-0.553451,-0.383692,-0.334272,-0.543959,0.332551,0.368670,0.516810,0.430496,0.343865,0.338391,0.447738,0.207297,0.326467,0.291904,-0.619405,-0.253524,-0.466017,0.000000,0.000000,0.000000,0.000000,0.000000
Thalamus_3,0.000000,0.000000,0.000000,0.435252,0.364270,0.813670,0.412477,0.270608,0.857319,0.762535,0.388387,0.372199,0.778199,0.000000,0.000000,0.000000,0.000000,0.000000,0.000000,0.000000,0.000000,0.000000,0.000000,0.000000,0.000000,0.000000,0.000000,0.000000,0.000000,0.000000,0.000000,0.000000,0.000000,0.000000,0.000000,0.000000,0.000000,0.000000,0.000000,0.000000,0.000000,0.000000,0.000000,0.000000,0.000000,0.000000,0.000000,0.000000,0.000000,0.000000,0.000000,0.000000,0.000000,0.000000,0.000000,0.000000,0.000000,0.000000,0.000000,-0.459639,-0.483511,-0.570704,-0.348929,-0.456691,-0.556297,0.286076,0.314611,0.233978,0.406645,0.267696,0.500223,0.367077,0.203035,0.243668,0.357954,-0.374378,-0.578582,-0.507485,0.000000,0.000000,0.000000,0.000000,0.000000
Thalamus_4,0.000000,0.000000,0.000000,0.251452,0.361824,0.690291,0.427260,0.277713,0.649656,0.602303,0.214574,0.439759,0.735071,0.000000,0.000000,0.000000,0.000000,0.000000,0.000000,0.000000,0.000000,0.000000,0.000000,0.000000,0.000000,0.000000,0.000000,0.000000,0.000000,0.000000,0.000000,0.000000,0.000000,0.000000,0.000000,0.000000,0.000000,0.000000,0.000000,0.000000,0.000000,0.000000,0.000000,0.000000,0.000000,0.000000,0.000000,0.000000,0.000000,0.000000,0.000000,0.000000,0.000000,0.000000,0.000000,0.000000,0.000000,0.000000,0.000000,-0.531457,-0.515584,-0.645072,-0.591579,-0.542864,-0.687521,0.390473,0.342961,0.449475,0.349799,0.474145,0.431144,0.392504,0.346346,0.443302,0.397507,-0.431074,-0.642163,-0.354356,0.000000,0.000000,0.000000,0.000000,0.000000
Thalamus_5,0.000000,0.000000,0.000000,0.390335,0.759273,0.860715,0.525201,0.414296,0.877174,0.751951,0.528940,0.518706,0.821067,0.000000,0.000000,0.000000,0.000000,0.000000,0.000000,0.000000,0.000000,0.000000,0.000000,0.000000,0.000000,0.000000,0.000000,0.000000,0.000000,0.000000,0.000000,0.000000,0.000000,0.000000,0.000000,0.000000,0.000000,0.000000,0.000000,0.000000,0.000000,0.000000,0.000000,0.000000,0.000000,0.000000,0.000000,0.000000,0.000000,0.000000,0.000000,0.000000,0.000000,0.000000,0.000000,0.000000,0.000000,0.000000,0.000000,-0.158929,-0.261616,-0.382571,-0.191728,-0.306038,-0.277999,0.490094,0.260194,0.415903,0.262640,0.432343,0.440085,0.208583,0.318629,0.417570,0.503017,-0.434458,-0.287115,-0.379120,0.000000,0.000000,0.000000,0.000000,0.000000
Thalamus_6,0.000000,0.000000,0.000000,0.200077,0.334996,0.390962,0.389271,0.261880,0.343894,0.376725,0.260636,0.334419,0.376282,0.000000,0.000000,0.000000,0.000000,0.000000,0.000000,0.000000,0.000000,0.000000,0.000000,0.000000,0.000000,0.000000,0.000000,0.000000,0.000000,0.000000,0.000000,0.000000,0.000000,0.000000,0.000000,0.000000,0.000000,0.000000,0.000000,0.000000,0.000000,0.000000,0.000000,0.000000,0.000000,0.000000,0.000000,0.000000,0.000000,0.000000,0.000000,0.000000,0.000000,0.000000,0.000000,0.000000,0.000000,0.000000,0.000000,-0.702685,-0.708870,-0.552259,-0.798532,-0.659584,-0.670770,0.434085,0.534103,0.326229,0.441699,0.351309,0.452199,0.220290,0.492275,0.362635,0.360326,-0.541676,-0.292178,-0.650277,0.000000,0.000000,0.000000,0.000000,0.000000
Thalamus_7,0.000000,0.000000,0.000000,0.373442,0.398097,0.765300,0.407775,0.327023,0.698455,0.672464,0.407689,0.410350,0.788093,0.000000,0.000000,0.000000,0.000000,0.000000,0.000000,0.000000,0.000000,0.000000,0.000000,0.000000,0.000000,0.000000,0.000000,0.000000,0.000000,0.000000,0.000000,0.000000,0.000000,0.000000,0.000000,0.000000,0.000000,0.000000,0.000000,0.000000,0.000000,0.000000,0.000000,0.000000,0.000000,0.000000,0.000000,0.000000,0.000000,0.000000,0.000000,0.000000,0.000000,0.000000,0.000000,0.000000,0.000000,0.000000,0.000000,-0.385051,-0.615403,-0.404627,-0.551715,-0.607311,-0.471836,0.363462,0.417345,0.356113,0.326237,0.427523,0.441704,0.238179,0.398624,0.349063,0.267373,-0.446140,-0.582431,-0.685943,0.000000,0.000000,0.000000,0.000000,0.000000
Thalamus_8,0.000000,0.000000,0.000000,0.350077,0.377012,0.781001,0.495447,0.260286,0.754469,0.664680,0.322937,0.390285,0.758429,0.000000,0.000000,0.000000,0.000000,0.000000,0.000000,0.000000,0.000000,0.000000,0.000000,0.000000,0.000000,0.000000,0.000000,0.000000,0.000000,0.000000,0.000000,0.000000,0.000000,0.000000,0.000000,0.000000,0.000000,0.000000,0.000000,0.000000,0.000000,0.000000,0.000000,0.000000,0.000000,0.000000,0.000000,0.000000,0.000000,0.000000,0.000000,0.000000,0.000000,0.000000,0.000000,0.000000,0.000000,0.000000,0.000000,-0.566466,-0.435988,-0.693504,-0.446952,-0.432789,-0.616315,0.355901,0.352125,0.382442,0.313847,0.426794,0.392793,0.207546,0.351455,0.423892,0.294933,-0.345872,-0.256848,-0.234894,0.000000,0.000000,0.000000,0.000000,0.000000
Thalamus_9,0.000000,0.000000,0.000000,0.218658,0.485304,0.652995,0.514553,0.298244,0.553019,0.509908,0.260828,0.330560,0.633785,0.000000,0.000000,0.000000,0.000000,0.000000,0.000000,0.000000,0.000000,0.000000,0.000000,0.000000,0.000000,0.000000,0.000000,0.000000,0.000000,0.000000,0.000000,0.000000,0.000000,0.000000,0.000000,0.000000,0.000000,0.000000,0.000000,0.000000,0.000000,0.000000,0.000000,0.000000,0.000000,0.000000,0.000000,0.000000,0.000000,0.000000,0.000000,0.000000,0.000000,0.000000,0.000000,0.000000,0.000000,0.000000,0.000000,-0.467357,-0.680868,-0.525974,-0.702243,-0.449224,-0.550961,0.316137,0.214819,0.374770,0.333508,0.302024,0.327727,0.408077,0.209450,0.527571,0.410370,-0.535252,-0.289922,-0.396247,0.000000,0.000000,0.000000,0.000000,0.000000
Thalamus_10,0.000000,0.000000,0.000000,0.462203,0.438145,0.079950,0.493559,0.552797,0.048433,0.113975,0.418909,0.413456,0.046633,0.000000,0.000000,0.000000,0.000000,0.000000,0.000000,0.000000,0.000000,0.000000,0.000000,0.000000,0.000000,0.000000,0.000000,0.000000,0.000000,0.000000,0.000000,0.000000,0.000000,0.000000,0.000000,0.000000,0.000000,0.000000,0.000000,0.000000,0.000000,0.000000,0.000000,0.000000,0.000000,0.000000,0.000000,0.000000,0.000000,0.000000,0.000000,0.000000,0.000000,0.000000,0.000000,0.000000,0.000000,0.000000,0.000000,-0.506599,-0.446512,-0.593074,-0.613301,-0.651950,-0.529538,0.600177,0.586632,0.711156,0.527012,0.580169,0.340474,0.592378,0.502187,0.619750,0.574857,-0.242711,-0.511757,-0.223195,0.000000,0.000000,0.000000,0.000000,0.000000
Thalamus_11,0.000000,0.000000,0.000000,0.544720,0.524945,0.086624,0.467032,0.554773,0.054073,0.107761,0.377256,0.471051,0.056124,0.000000,0.000000,0.000000,0.000000,0.000000,0.000000,0.000000,0.000000,0.000000,0.000000,0.000000,0.000000,0.000000,0.000000,0.000000,0.000000,0.000000,0.000000,0.000000,0.000000,0.000000,0.000000,0.000000,0.000000,0.000000,0.000000,0.000000,0.000000,0.000000,0.000000,0.000000,0.000000,0.000000,0.000000,0.000000,0.000000,0.000000,0.000000,0.000000,0.000000,0.000000,0.000000,0.000000,0.000000,0.000000,0.000000,-0.378580,-0.664944,-0.370815,-0.376194,-0.629138,-0.535406,0.599994,0.596641,0.566452,0.652576,0.722935,0.375385,0.527578,0.603642,0.693867,0.596825,-0.492320,-0.396528,-0.581333,0.000000,0.000000,0.000000,0.000000,0.000000
Thalamus_12,0.000000,0.000000,0.000000,0.426493,0.334734,0.080809,0.513619,0.701311,0.046359,0.095945,0.510058,0.595849,0.059852,0.000000,0.000000,0.000000,0.000000,0.000000,0.000000,0.000000,0.000000,0.000000,0.000000,0.000000,0.000000,0.000000,0.000000,0.000000,0.000000,0.000000,0.000000,0.000000,0.000000,0.000000,0.000000,0.000000,0.000000,0.000000,0.000000,0.000000,0.000000,0.000000,0.000000,0.000000,0.000000,0.000000,0.000000,0.000000,0.000000,0.000000,0.000000,0.000000,0.000000,0.000000,0.000000,0.000000,0.000000,0.000000,0.000000,-0.294492,-0.523138,-0.639833,-0.483918,-0.519610,-0.686703,0.750543,0.415344,0.660749,0.552425,0.723610,0.528990,0.668186,0.553023,0.644874,0.603723,-0.370028,-0.488338,-0.614470,0.000000,0.000000,0.000000,0.000000,0.000000
Medulla_0,0.000000,0.000000,0.000000,0.000000,0.000000,0.000000,0.000000,0.000000,0.000000,0.000000,0.000000,0.000000,0.000000,-2.349902,-0.659818,-0.870620,-2.741308,-1.385152,-4.342363,-0.907307,-0.989966,-1.809538,-1.564134,0.000000,0.000000,0.000000,0.000000,0.000000,0.000000,0.000000,0.000000,0.000000,0.000000,0.000000,0.000000,0.000000,0.000000,0.000000,0.000000,0.000000,0.000000,0.000000,0.000000,0.000000,0.000000,0.000000,0.000000,0.000000,0.000000,0.000000,0.000000,0.000000,0.000000,0.000000,0.000000,0.000000,0.000000,0.000000,0.000000,0.000000,0.000000,0.000000,0.000000,0.000000,0.000000,0.000000,0.000000,0.000000,0.000000,0.000000,0.000000,0.000000,0.000000,0.000000,0.000000,0.000000,0.000000,0.000000,0.670992,0.072975,-0.987440,-0.921000,0.000000
Medulla_1,0.000000,0.000000,0.000000,0.000000,0.000000,0.000000,0.000000,0.000000,0.000000,0.000000,0.000000,0.000000,0.000000,-4.546413,-1.471895,-0.299652,-4.188799,-3.064738,-5.839681,-1.947608,0.531278,-1.776390,-2.963757,0.000000,0.000000,0.000000,0.000000,0.000000,0.000000,0.000000,0.000000,0.000000,0.000000,0.000000,0.000000,0.000000,0.000000,0.000000,0.000000,0.000000,0.000000,0.000000,0.000000,0.000000,0.000000,0.000000,0.000000,0.000000,0.000000,0.000000,0.000000,0.000000,0.000000,0.000000,0.000000,0.000000,0.000000,0.000000,0.000000,0.000000,0.000000,0.000000,0.000000,0.000000,0.000000,0.000000,0.000000,0.000000,0.000000,0.000000,0.000000,0.000000,0.000000,0.000000,0.000000,0.000000,0.000000,0.000000,0.072975,0.995175,-0.921000,-0.021184,0.000000
Medulla_2,0.000000,0.000000,0.000000,0.000000,0.000000,0.000000,0.000000,0.000000,0.000000,0.000000,0.000000,0.000000,0.000000,0.000000,0.000000,0.000000,0.000000,0.000000,0.000000,0.000000,0.000000,0.000000,0.000000,0.000000,0.000000,0.000000,0.000000,0.000000,0.000000,0.000000,0.000000,0.000000,0.000000,0.000000,0.000000,0.000000,0.000000,0.000000,0.000000,0.000000,0.000000,0.000000,0.000000,0.000000,0.000000,0.000000,0.000000,0.000000,0.000000,0.000000,0.000000,0.000000,0.000000,0.000000,0.000000,0.000000,0.000000,0.000000,0.000000,0.000000,0.000000,0.000000,0.000000,0.000000,0.000000,0.000000,0.000000,0.000000,0.000000,0.000000,0.000000,0.000000,0.000000,0.000000,0.000000,0.000000,0.000000,0.000000,0.833061,0.996403,-0.014317,-0.001512,0.000000
Medulla_3,0.000000,0.000000,0.000000,0.000000,0.000000,0.000000,0.000000,0.000000,0.000000,0.000000,0.000000,0.000000,0.000000,0.000000,0.000000,0.000000,0.000000,0.000000,0.000000,0.000000,0.000000,0.000000,0.000000,0.000000,0.000000,0.000000,0.000000,0.000000,0.000000,0.000000,0.000000,0.000000,0.000000,0.000000,0.000000,0.000000,0.000000,0.000000,0.000000,0.000000,0.000000,0.000000,0.000000,0.000000,0.000000,0.000000,0.000000,0.000000,0.000000,0.000000,0.000000,0.000000,0.000000,0.000000,0.000000,0.000000,0.000000,0.000000,0.000000,0.000000,0.000000,0.000000,0.000000,0.000000,0.000000,0.000000,0.000000,0.000000,0.000000,0.000000,0.000000,0.000000,0.000000,0.000000,0.000000,0.000000,0.000000,0.000000,0.996403,0.996108,-0.001512,-0.002519,0.000000
Output_0,0.000000,0.000000,0.000000,0.000000,0.000000,0.000000,0.000000,0.000000,0.000000,0.000000,0.000000,0.000000,0.000000,0.000000,0.000000,0.000000,0.000000,0.000000,0.000000,0.000000,0.000000,0.000000,0.000000,0.000000,0.000000,0.000000,0.000000,0.000000,0.000000,0.000000,0.000000,0.000000,0.000000,0.000000,0.000000,0.000000,0.000000,0.000000,0.000000,0.000000,0.000000,0.000000,0.000000,0.000000,0.000000,0.000000,0.000000,0.000000,0.000000,0.000000,0.000000,0.000000,0.000000,0.000000,0.000000,0.000000,0.000000,0.000000,0.000000,0.000000,0.000000,0.000000,0.000000,0.000000,0.000000,0.000000,0.000000,0.000000,0.000000,0.000000,0.000000,0.000000,0.000000,0.000000,0.000000,0.000000,0.000000,0.000000,0.755925,0.349196,0.000000,0.000000,0.000000
